file,line,type,commit,author,date,time,timezone,datetime,depth,length
style.css,1,css,d1ef665d,saanvi-ranadive,2025-04-11,14:00:52,-07:00,2025-04-11T14:00:52-07:00,0,6
style.css,2,css,d1ef665d,saanvi-ranadive,2025-04-11,14:00:52,-07:00,2025-04-11T14:00:52-07:00,0,41
style.css,3,css,298a8635,saanvi-ranadive,2025-05-01,18:29:52,-07:00,2025-05-01T18:29:52-07:00,0,40
style.css,4,css,d1ef665d,saanvi-ranadive,2025-04-11,14:00:52,-07:00,2025-04-11T14:00:52-07:00,0,0
style.css,5,css,d1ef665d,saanvi-ranadive,2025-04-11,14:00:52,-07:00,2025-04-11T14:00:52-07:00,0,0
style.css,6,css,d1ef665d,saanvi-ranadive,2025-04-11,14:00:52,-07:00,2025-04-11T14:00:52-07:00,0,5
style.css,7,css,d1ef665d,saanvi-ranadive,2025-04-11,14:00:52,-07:00,2025-04-11T14:00:52-07:00,0,33
style.css,8,css,d1ef665d,saanvi-ranadive,2025-04-11,14:00:52,-07:00,2025-04-11T14:00:52-07:00,0,0
style.css,9,css,d1ef665d,saanvi-ranadive,2025-04-11,14:00:52,-07:00,2025-04-11T14:00:52-07:00,0,0
style.css,10,css,4e422bef,saanvi-ranadive,2025-04-03,20:09:45,-07:00,2025-04-03T20:09:45-07:00,0,5
style.css,11,css,4e422bef,saanvi-ranadive,2025-04-03,20:09:45,-07:00,2025-04-03T20:09:45-07:00,0,24
style.css,12,css,3f770edd,saanvi-ranadive,2025-04-09,10:39:04,-07:00,2025-04-09T10:39:04-07:00,0,16
style.css,13,css,b527243b,saanvi-ranadive,2025-04-11,00:03:49,-07:00,2025-04-11T00:03:49-07:00,0,43
style.css,14,css,b527243b,saanvi-ranadive,2025-04-11,00:03:49,-07:00,2025-04-11T00:03:49-07:00,0,0
style.css,15,css,d1ef665d,saanvi-ranadive,2025-04-11,14:00:52,-07:00,2025-04-11T14:00:52-07:00,0,3
style.css,16,css,d1ef665d,saanvi-ranadive,2025-04-11,14:00:52,-07:00,2025-04-11T14:00:52-07:00,0,14
style.css,17,css,d1ef665d,saanvi-ranadive,2025-04-11,14:00:52,-07:00,2025-04-11T14:00:52-07:00,0,16
style.css,18,css,8087e1bb,saanvi-ranadive,2025-04-11,20:14:39,-07:00,2025-04-11T20:14:39-07:00,0,18
style.css,19,css,d1ef665d,saanvi-ranadive,2025-04-11,14:00:52,-07:00,2025-04-11T14:00:52-07:00,0,0
style.css,20,css,d1ef665d,saanvi-ranadive,2025-04-11,14:00:52,-07:00,2025-04-11T14:00:52-07:00,0,0
style.css,21,css,d1ef665d,saanvi-ranadive,2025-04-11,14:00:52,-07:00,2025-04-11T14:00:52-07:00,0,3
style.css,22,css,d1ef665d,saanvi-ranadive,2025-04-11,14:00:52,-07:00,2025-04-11T14:00:52-07:00,0,9
style.css,23,css,d1ef665d,saanvi-ranadive,2025-04-11,14:00:52,-07:00,2025-04-11T14:00:52-07:00,0,16
style.css,24,css,8087e1bb,saanvi-ranadive,2025-04-11,20:14:39,-07:00,2025-04-11T20:14:39-07:00,0,18
style.css,25,css,d1ef665d,saanvi-ranadive,2025-04-11,14:00:52,-07:00,2025-04-11T14:00:52-07:00,0,0
style.css,26,css,d1ef665d,saanvi-ranadive,2025-04-11,14:00:52,-07:00,2025-04-11T14:00:52-07:00,0,0
style.css,27,css,d1ef665d,saanvi-ranadive,2025-04-11,14:00:52,-07:00,2025-04-11T14:00:52-07:00,0,3
style.css,28,css,d1ef665d,saanvi-ranadive,2025-04-11,14:00:52,-07:00,2025-04-11T14:00:52-07:00,0,16
style.css,29,css,8087e1bb,saanvi-ranadive,2025-04-11,20:14:39,-07:00,2025-04-11T20:14:39-07:00,0,18
style.css,30,css,d1ef665d,saanvi-ranadive,2025-04-11,14:00:52,-07:00,2025-04-11T14:00:52-07:00,0,0
style.css,31,css,b527243b,saanvi-ranadive,2025-04-11,00:03:49,-07:00,2025-04-11T00:03:49-07:00,0,0
style.css,32,css,d1ef665d,saanvi-ranadive,2025-04-11,14:00:52,-07:00,2025-04-11T14:00:52-07:00,0,3
style.css,33,css,d1ef665d,saanvi-ranadive,2025-04-11,14:00:52,-07:00,2025-04-11T14:00:52-07:00,0,16
style.css,34,css,8087e1bb,saanvi-ranadive,2025-04-11,20:14:39,-07:00,2025-04-11T20:14:39-07:00,0,18
style.css,35,css,d1ef665d,saanvi-ranadive,2025-04-11,14:00:52,-07:00,2025-04-11T14:00:52-07:00,0,0
style.css,36,css,d1ef665d,saanvi-ranadive,2025-04-11,14:00:52,-07:00,2025-04-11T14:00:52-07:00,0,0
style.css,37,css,d1ef665d,saanvi-ranadive,2025-04-11,14:00:52,-07:00,2025-04-11T14:00:52-07:00,0,3
style.css,38,css,d1ef665d,saanvi-ranadive,2025-04-11,14:00:52,-07:00,2025-04-11T14:00:52-07:00,0,16
style.css,39,css,8087e1bb,saanvi-ranadive,2025-04-11,20:14:39,-07:00,2025-04-11T20:14:39-07:00,0,18
style.css,40,css,d1ef665d,saanvi-ranadive,2025-04-11,14:00:52,-07:00,2025-04-11T14:00:52-07:00,0,0
style.css,41,css,d1ef665d,saanvi-ranadive,2025-04-11,14:00:52,-07:00,2025-04-11T14:00:52-07:00,0,0
style.css,42,css,d1ef665d,saanvi-ranadive,2025-04-11,14:00:52,-07:00,2025-04-11T14:00:52-07:00,0,3
style.css,43,css,d1ef665d,saanvi-ranadive,2025-04-11,14:00:52,-07:00,2025-04-11T14:00:52-07:00,0,16
style.css,44,css,8087e1bb,saanvi-ranadive,2025-04-11,20:14:39,-07:00,2025-04-11T20:14:39-07:00,0,18
style.css,45,css,d1ef665d,saanvi-ranadive,2025-04-11,14:00:52,-07:00,2025-04-11T14:00:52-07:00,0,0
style.css,46,css,b527243b,saanvi-ranadive,2025-04-11,00:03:49,-07:00,2025-04-11T00:03:49-07:00,0,0
style.css,47,css,b527243b,saanvi-ranadive,2025-04-11,00:03:49,-07:00,2025-04-11T00:03:49-07:00,0,0
style.css,48,css,b527243b,saanvi-ranadive,2025-04-11,00:03:49,-07:00,2025-04-11T00:03:49-07:00,0,4
style.css,49,css,b527243b,saanvi-ranadive,2025-04-11,00:03:49,-07:00,2025-04-11T00:03:49-07:00,0,13
style.css,50,css,d1ef665d,saanvi-ranadive,2025-04-11,14:00:52,-07:00,2025-04-11T14:00:52-07:00,0,18
style.css,51,css,d1ef665d,saanvi-ranadive,2025-04-11,14:00:52,-07:00,2025-04-11T14:00:52-07:00,0,24
style.css,52,css,d1ef665d,saanvi-ranadive,2025-04-11,14:00:52,-07:00,2025-04-11T14:00:52-07:00,0,26
style.css,53,css,1954295c,saanvi-ranadive,2025-04-18,22:14:36,-07:00,2025-04-18T22:14:36-07:00,0,40
style.css,54,css,d1ef665d,saanvi-ranadive,2025-04-11,14:00:52,-07:00,2025-04-11T14:00:52-07:00,0,0
style.css,55,css,d1ef665d,saanvi-ranadive,2025-04-11,14:00:52,-07:00,2025-04-11T14:00:52-07:00,0,3
style.css,56,css,d1ef665d,saanvi-ranadive,2025-04-11,14:00:52,-07:00,2025-04-11T14:00:52-07:00,0,17
style.css,57,css,d1ef665d,saanvi-ranadive,2025-04-11,14:00:52,-07:00,2025-04-11T14:00:52-07:00,0,0
style.css,58,css,d1ef665d,saanvi-ranadive,2025-04-11,14:00:52,-07:00,2025-04-11T14:00:52-07:00,0,0
style.css,59,css,d1ef665d,saanvi-ranadive,2025-04-11,14:00:52,-07:00,2025-04-11T14:00:52-07:00,0,3
style.css,60,css,d1ef665d,saanvi-ranadive,2025-04-11,14:00:52,-07:00,2025-04-11T14:00:52-07:00,0,17
style.css,61,css,d1ef665d,saanvi-ranadive,2025-04-11,14:00:52,-07:00,2025-04-11T14:00:52-07:00,0,0
style.css,62,css,d1ef665d,saanvi-ranadive,2025-04-11,14:00:52,-07:00,2025-04-11T14:00:52-07:00,0,0
style.css,63,css,d1ef665d,saanvi-ranadive,2025-04-11,14:00:52,-07:00,2025-04-11T14:00:52-07:00,0,2
style.css,64,css,d1ef665d,saanvi-ranadive,2025-04-11,14:00:52,-07:00,2025-04-11T14:00:52-07:00,0,7
style.css,65,css,d1ef665d,saanvi-ranadive,2025-04-11,14:00:52,-07:00,2025-04-11T14:00:52-07:00,0,21
style.css,66,css,d1ef665d,saanvi-ranadive,2025-04-11,14:00:52,-07:00,2025-04-11T14:00:52-07:00,0,18
style.css,67,css,d1ef665d,saanvi-ranadive,2025-04-11,14:00:52,-07:00,2025-04-11T14:00:52-07:00,0,14
style.css,68,css,d1ef665d,saanvi-ranadive,2025-04-11,14:00:52,-07:00,2025-04-11T14:00:52-07:00,0,14
style.css,69,css,d1ef665d,saanvi-ranadive,2025-04-11,14:00:52,-07:00,2025-04-11T14:00:52-07:00,0,0
style.css,70,css,d1ef665d,saanvi-ranadive,2025-04-11,14:00:52,-07:00,2025-04-11T14:00:52-07:00,0,0
style.css,71,css,d1ef665d,saanvi-ranadive,2025-04-11,14:00:52,-07:00,2025-04-11T14:00:52-07:00,0,8
style.css,72,css,d1ef665d,saanvi-ranadive,2025-04-11,14:00:52,-07:00,2025-04-11T14:00:52-07:00,0,26
style.css,73,css,d1ef665d,saanvi-ranadive,2025-04-11,14:00:52,-07:00,2025-04-11T14:00:52-07:00,0,26
style.css,74,css,d1ef665d,saanvi-ranadive,2025-04-11,14:00:52,-07:00,2025-04-11T14:00:52-07:00,0,40
style.css,75,css,d1ef665d,saanvi-ranadive,2025-04-11,14:00:52,-07:00,2025-04-11T14:00:52-07:00,0,21
style.css,76,css,8087e1bb,saanvi-ranadive,2025-04-11,20:14:39,-07:00,2025-04-11T20:14:39-07:00,0,25
style.css,77,css,1954295c,saanvi-ranadive,2025-04-18,22:14:36,-07:00,2025-04-18T22:14:36-07:00,0,70
style.css,78,css,d1ef665d,saanvi-ranadive,2025-04-11,14:00:52,-07:00,2025-04-11T14:00:52-07:00,0,0
style.css,79,css,d1ef665d,saanvi-ranadive,2025-04-11,14:00:52,-07:00,2025-04-11T14:00:52-07:00,0,0
style.css,80,css,8087e1bb,saanvi-ranadive,2025-04-11,20:14:39,-07:00,2025-04-11T20:14:39-07:00,0,10
style.css,81,css,d1ef665d,saanvi-ranadive,2025-04-11,14:00:52,-07:00,2025-04-11T14:00:52-07:00,0,26
style.css,82,css,d1ef665d,saanvi-ranadive,2025-04-11,14:00:52,-07:00,2025-04-11T14:00:52-07:00,0,26
style.css,83,css,1954295c,saanvi-ranadive,2025-04-18,22:14:36,-07:00,2025-04-18T22:14:36-07:00,0,40
style.css,84,css,d1ef665d,saanvi-ranadive,2025-04-11,14:00:52,-07:00,2025-04-11T14:00:52-07:00,0,21
style.css,85,css,d1ef665d,saanvi-ranadive,2025-04-11,14:00:52,-07:00,2025-04-11T14:00:52-07:00,0,0
style.css,86,css,37d62427,saanvi-ranadive,2025-04-04,14:00:32,-07:00,2025-04-04T14:00:32-07:00,0,0
style.css,87,css,37d62427,saanvi-ranadive,2025-04-04,14:00:32,-07:00,2025-04-04T14:00:32-07:00,0,0
style.css,88,css,37d62427,saanvi-ranadive,2025-04-04,14:00:32,-07:00,2025-04-04T14:00:32-07:00,0,5
style.css,89,css,37d62427,saanvi-ranadive,2025-04-04,14:00:32,-07:00,2025-04-04T14:00:32-07:00,0,15
style.css,90,css,37d62427,saanvi-ranadive,2025-04-04,14:00:32,-07:00,2025-04-04T14:00:32-07:00,0,12
style.css,91,css,d1ef665d,saanvi-ranadive,2025-04-11,14:00:52,-07:00,2025-04-11T14:00:52-07:00,0,0
style.css,92,css,d1ef665d,saanvi-ranadive,2025-04-11,14:00:52,-07:00,2025-04-11T14:00:52-07:00,0,0
style.css,93,css,8087e1bb,saanvi-ranadive,2025-04-11,20:14:39,-07:00,2025-04-11T20:14:39-07:00,0,10
style.css,94,css,8087e1bb,saanvi-ranadive,2025-04-11,20:14:39,-07:00,2025-04-11T20:14:39-07:00,0,13
style.css,95,css,298a8635,saanvi-ranadive,2025-05-01,18:29:52,-07:00,2025-05-01T18:29:52-07:00,0,60
style.css,96,css,298a8635,saanvi-ranadive,2025-05-01,18:29:52,-07:00,2025-05-01T18:29:52-07:00,0,9
style.css,97,css,298a8635,saanvi-ranadive,2025-05-01,18:29:52,-07:00,2025-05-01T18:29:52-07:00,0,20
style.css,98,css,8087e1bb,saanvi-ranadive,2025-04-11,20:14:39,-07:00,2025-04-11T20:14:39-07:00,0,0
style.css,99,css,8087e1bb,saanvi-ranadive,2025-04-11,20:14:39,-07:00,2025-04-11T20:14:39-07:00,0,8
style.css,100,css,8087e1bb,saanvi-ranadive,2025-04-11,20:14:39,-07:00,2025-04-11T20:14:39-07:00,0,13
style.css,101,css,8087e1bb,saanvi-ranadive,2025-04-11,20:14:39,-07:00,2025-04-11T20:14:39-07:00,0,27
style.css,102,css,8087e1bb,saanvi-ranadive,2025-04-11,20:14:39,-07:00,2025-04-11T20:14:39-07:00,0,16
style.css,103,css,298a8635,saanvi-ranadive,2025-05-01,18:29:52,-07:00,2025-05-01T18:29:52-07:00,0,22
style.css,104,css,298a8635,saanvi-ranadive,2025-05-01,18:29:52,-07:00,2025-05-01T18:29:52-07:00,0,19
style.css,105,css,298a8635,saanvi-ranadive,2025-05-01,18:29:52,-07:00,2025-05-01T18:29:52-07:00,0,13
style.css,106,css,298a8635,saanvi-ranadive,2025-05-01,18:29:52,-07:00,2025-05-01T18:29:52-07:00,0,41
style.css,107,css,298a8635,saanvi-ranadive,2025-05-01,18:29:52,-07:00,2025-05-01T18:29:52-07:00,0,13
style.css,108,css,298a8635,saanvi-ranadive,2025-05-01,18:29:52,-07:00,2025-05-01T18:29:52-07:00,0,22
style.css,109,css,298a8635,saanvi-ranadive,2025-05-01,18:29:52,-07:00,2025-05-01T18:29:52-07:00,0,30
style.css,110,css,298a8635,saanvi-ranadive,2025-05-01,18:29:52,-07:00,2025-05-01T18:29:52-07:00,0,12
style.css,111,css,298a8635,saanvi-ranadive,2025-05-01,18:29:52,-07:00,2025-05-01T18:29:52-07:00,0,16
style.css,112,css,8087e1bb,saanvi-ranadive,2025-04-11,20:14:39,-07:00,2025-04-11T20:14:39-07:00,0,0
style.css,113,css,65849f7b,saanvi-ranadive,2025-05-01,12:04:40,-07:00,2025-05-01T12:04:40-07:00,0,0
style.css,114,css,65849f7b,saanvi-ranadive,2025-05-01,12:04:40,-07:00,2025-05-01T12:04:40-07:00,0,4
style.css,115,css,65849f7b,saanvi-ranadive,2025-05-01,12:04:40,-07:00,2025-05-01T12:04:40-07:00,0,15
style.css,116,css,298a8635,saanvi-ranadive,2025-05-01,18:29:52,-07:00,2025-05-01T18:29:52-07:00,0,13
style.css,117,css,65849f7b,saanvi-ranadive,2025-05-01,12:04:40,-07:00,2025-05-01T12:04:40-07:00,0,14
style.css,118,css,298a8635,saanvi-ranadive,2025-05-01,18:29:52,-07:00,2025-05-01T18:29:52-07:00,0,18
style.css,119,css,298a8635,saanvi-ranadive,2025-05-01,18:29:52,-07:00,2025-05-01T18:29:52-07:00,0,17
style.css,120,css,298a8635,saanvi-ranadive,2025-05-01,18:29:52,-07:00,2025-05-01T18:29:52-07:00,0,0
style.css,121,css,298a8635,saanvi-ranadive,2025-05-01,18:29:52,-07:00,2025-05-01T18:29:52-07:00,0,0
style.css,122,css,298a8635,saanvi-ranadive,2025-05-01,18:29:52,-07:00,2025-05-01T18:29:52-07:00,0,16
style.css,123,css,298a8635,saanvi-ranadive,2025-05-01,18:29:52,-07:00,2025-05-01T18:29:52-07:00,0,19
style.css,124,css,298a8635,saanvi-ranadive,2025-05-01,18:29:52,-07:00,2025-05-01T18:29:52-07:00,0,0
style.css,125,css,298a8635,saanvi-ranadive,2025-05-01,18:29:52,-07:00,2025-05-01T18:29:52-07:00,0,0
style.css,126,css,298a8635,saanvi-ranadive,2025-05-01,18:29:52,-07:00,2025-05-01T18:29:52-07:00,0,17
style.css,127,css,298a8635,saanvi-ranadive,2025-05-01,18:29:52,-07:00,2025-05-01T18:29:52-07:00,0,12
style.css,128,css,298a8635,saanvi-ranadive,2025-05-01,18:29:52,-07:00,2025-05-01T18:29:52-07:00,0,16
style.css,129,css,298a8635,saanvi-ranadive,2025-05-01,18:29:52,-07:00,2025-05-01T18:29:52-07:00,0,0
style.css,130,css,298a8635,saanvi-ranadive,2025-05-01,18:29:52,-07:00,2025-05-01T18:29:52-07:00,0,0
style.css,131,css,298a8635,saanvi-ranadive,2025-05-01,18:29:52,-07:00,2025-05-01T18:29:52-07:00,0,16
style.css,132,css,298a8635,saanvi-ranadive,2025-05-01,18:29:52,-07:00,2025-05-01T18:29:52-07:00,0,16
style.css,133,css,298a8635,saanvi-ranadive,2025-05-01,18:29:52,-07:00,2025-05-01T18:29:52-07:00,0,13
style.css,134,css,298a8635,saanvi-ranadive,2025-05-01,18:29:52,-07:00,2025-05-01T18:29:52-07:00,0,25
style.css,135,css,65849f7b,saanvi-ranadive,2025-05-01,12:04:40,-07:00,2025-05-01T12:04:40-07:00,0,0
style.css,136,css,8087e1bb,saanvi-ranadive,2025-04-11,20:14:39,-07:00,2025-04-11T20:14:39-07:00,0,0
style.css,137,css,8087e1bb,saanvi-ranadive,2025-04-11,20:14:39,-07:00,2025-04-11T20:14:39-07:00,0,0
style.css,138,css,8087e1bb,saanvi-ranadive,2025-04-11,20:14:39,-07:00,2025-04-11T20:14:39-07:00,0,8
style.css,139,css,8087e1bb,saanvi-ranadive,2025-04-11,20:14:39,-07:00,2025-04-11T20:14:39-07:00,0,2
style.css,140,css,1954295c,saanvi-ranadive,2025-04-18,22:14:36,-07:00,2025-04-18T22:14:36-07:00,0,26
style.css,141,css,8087e1bb,saanvi-ranadive,2025-04-11,20:14:39,-07:00,2025-04-11T20:14:39-07:00,0,0
style.css,142,css,8087e1bb,saanvi-ranadive,2025-04-11,20:14:39,-07:00,2025-04-11T20:14:39-07:00,0,0
style.css,143,css,8087e1bb,saanvi-ranadive,2025-04-11,20:14:39,-07:00,2025-04-11T20:14:39-07:00,0,11
style.css,144,css,8087e1bb,saanvi-ranadive,2025-04-11,20:14:39,-07:00,2025-04-11T20:14:39-07:00,0,26
style.css,145,css,84f8851b,saanvi-ranadive,2025-04-11,21:05:48,-07:00,2025-04-11T21:05:48-07:00,0,14
style.css,146,css,375f39b7,saanvi-ranadive,2025-04-11,20:50:04,-07:00,2025-04-11T20:50:04-07:00,0,18
style.css,147,css,8087e1bb,saanvi-ranadive,2025-04-11,20:14:39,-07:00,2025-04-11T20:14:39-07:00,0,0
style.css,148,css,8087e1bb,saanvi-ranadive,2025-04-11,20:14:39,-07:00,2025-04-11T20:14:39-07:00,0,0
style.css,149,css,8087e1bb,saanvi-ranadive,2025-04-11,20:14:39,-07:00,2025-04-11T20:14:39-07:00,0,8
style.css,150,css,8087e1bb,saanvi-ranadive,2025-04-11,20:14:39,-07:00,2025-04-11T20:14:39-07:00,0,16
style.css,151,css,8087e1bb,saanvi-ranadive,2025-04-11,20:14:39,-07:00,2025-04-11T20:14:39-07:00,0,6
style.css,152,css,8087e1bb,saanvi-ranadive,2025-04-11,20:14:39,-07:00,2025-04-11T20:14:39-07:00,0,12
style.css,153,css,1954295c,saanvi-ranadive,2025-04-18,22:14:36,-07:00,2025-04-18T22:14:36-07:00,0,24
style.css,154,css,8087e1bb,saanvi-ranadive,2025-04-11,20:14:39,-07:00,2025-04-11T20:14:39-07:00,0,18
style.css,155,css,8087e1bb,saanvi-ranadive,2025-04-11,20:14:39,-07:00,2025-04-11T20:14:39-07:00,0,15
style.css,156,css,8087e1bb,saanvi-ranadive,2025-04-11,20:14:39,-07:00,2025-04-11T20:14:39-07:00,0,11
style.css,157,css,8087e1bb,saanvi-ranadive,2025-04-11,20:14:39,-07:00,2025-04-11T20:14:39-07:00,0,0
style.css,158,css,8087e1bb,saanvi-ranadive,2025-04-11,20:14:39,-07:00,2025-04-11T20:14:39-07:00,0,0
style.css,159,css,8087e1bb,saanvi-ranadive,2025-04-11,20:14:39,-07:00,2025-04-11T20:14:39-07:00,0,0
style.css,160,css,8087e1bb,saanvi-ranadive,2025-04-11,20:14:39,-07:00,2025-04-11T20:14:39-07:00,0,15
style.css,161,css,8087e1bb,saanvi-ranadive,2025-04-11,20:14:39,-07:00,2025-04-11T20:14:39-07:00,0,15
style.css,162,css,8087e1bb,saanvi-ranadive,2025-04-11,20:14:39,-07:00,2025-04-11T20:14:39-07:00,0,0
style.css,163,css,8087e1bb,saanvi-ranadive,2025-04-11,20:14:39,-07:00,2025-04-11T20:14:39-07:00,0,0
style.css,164,css,8087e1bb,saanvi-ranadive,2025-04-11,20:14:39,-07:00,2025-04-11T20:14:39-07:00,0,21
style.css,165,css,8087e1bb,saanvi-ranadive,2025-04-11,20:14:39,-07:00,2025-04-11T20:14:39-07:00,0,26
style.css,166,css,8087e1bb,saanvi-ranadive,2025-04-11,20:14:39,-07:00,2025-04-11T20:14:39-07:00,0,22
style.css,167,css,8087e1bb,saanvi-ranadive,2025-04-11,20:14:39,-07:00,2025-04-11T20:14:39-07:00,0,32
style.css,168,css,8087e1bb,saanvi-ranadive,2025-04-11,20:14:39,-07:00,2025-04-11T20:14:39-07:00,0,0
style.css,169,css,8087e1bb,saanvi-ranadive,2025-04-11,20:14:39,-07:00,2025-04-11T20:14:39-07:00,0,0
style.css,170,css,8087e1bb,saanvi-ranadive,2025-04-11,20:14:39,-07:00,2025-04-11T20:14:39-07:00,0,0
style.css,171,css,8087e1bb,saanvi-ranadive,2025-04-11,20:14:39,-07:00,2025-04-11T20:14:39-07:00,0,0
style.css,172,css,d1ef665d,saanvi-ranadive,2025-04-11,14:00:52,-07:00,2025-04-11T14:00:52-07:00,0,9
style.css,173,css,d1ef665d,saanvi-ranadive,2025-04-11,14:00:52,-07:00,2025-04-11T14:00:52-07:00,0,0
style.css,174,css,d1ef665d,saanvi-ranadive,2025-04-11,14:00:52,-07:00,2025-04-11T14:00:52-07:00,0,5
style.css,175,css,d1ef665d,saanvi-ranadive,2025-04-11,14:00:52,-07:00,2025-04-11T14:00:52-07:00,0,8
style.css,176,css,d1ef665d,saanvi-ranadive,2025-04-11,14:00:52,-07:00,2025-04-11T14:00:52-07:00,0,7
style.css,177,css,d1ef665d,saanvi-ranadive,2025-04-11,14:00:52,-07:00,2025-04-11T14:00:52-07:00,0,13
style.css,178,css,1954295c,saanvi-ranadive,2025-04-18,22:14:36,-07:00,2025-04-18T22:14:36-07:00,0,37
style.css,179,css,d1ef665d,saanvi-ranadive,2025-04-11,14:00:52,-07:00,2025-04-11T14:00:52-07:00,0,0
style.css,180,css,d1ef665d,saanvi-ranadive,2025-04-11,14:00:52,-07:00,2025-04-11T14:00:52-07:00,0,0
style.css,181,css,d1ef665d,saanvi-ranadive,2025-04-11,14:00:52,-07:00,2025-04-11T14:00:52-07:00,0,5
style.css,182,css,d1ef665d,saanvi-ranadive,2025-04-11,14:00:52,-07:00,2025-04-11T14:00:52-07:00,0,13
style.css,183,css,d1ef665d,saanvi-ranadive,2025-04-11,14:00:52,-07:00,2025-04-11T14:00:52-07:00,0,30
style.css,184,css,d1ef665d,saanvi-ranadive,2025-04-11,14:00:52,-07:00,2025-04-11T14:00:52-07:00,0,19
style.css,185,css,d1ef665d,saanvi-ranadive,2025-04-11,14:00:52,-07:00,2025-04-11T14:00:52-07:00,0,8
style.css,186,css,d1ef665d,saanvi-ranadive,2025-04-11,14:00:52,-07:00,2025-04-11T14:00:52-07:00,0,0
style.css,187,css,1954295c,saanvi-ranadive,2025-04-18,22:14:36,-07:00,2025-04-18T22:14:36-07:00,0,0
style.css,188,css,1954295c,saanvi-ranadive,2025-04-18,22:14:36,-07:00,2025-04-18T22:14:36-07:00,0,0
style.css,189,css,1954295c,saanvi-ranadive,2025-04-18,22:14:36,-07:00,2025-04-18T22:14:36-07:00,0,19
style.css,190,css,1954295c,saanvi-ranadive,2025-04-18,22:14:36,-07:00,2025-04-18T22:14:36-07:00,0,18
style.css,191,css,1954295c,saanvi-ranadive,2025-04-18,22:14:36,-07:00,2025-04-18T22:14:36-07:00,0,9
style.css,192,css,1954295c,saanvi-ranadive,2025-04-18,22:14:36,-07:00,2025-04-18T22:14:36-07:00,0,11
style.css,193,css,1954295c,saanvi-ranadive,2025-04-18,22:14:36,-07:00,2025-04-18T22:14:36-07:00,0,14
style.css,194,css,1954295c,saanvi-ranadive,2025-04-18,22:14:36,-07:00,2025-04-18T22:14:36-07:00,0,20
style.css,195,css,e9d3ec3d,saanvi-ranadive,2025-04-26,23:15:05,-07:00,2025-04-26T23:15:05-07:00,0,0
style.css,196,css,e9d3ec3d,saanvi-ranadive,2025-04-26,23:15:05,-07:00,2025-04-26T23:15:05-07:00,0,15
style.css,197,css,e9d3ec3d,saanvi-ranadive,2025-04-26,23:15:05,-07:00,2025-04-26T23:15:05-07:00,0,22
style.css,198,css,e9d3ec3d,saanvi-ranadive,2025-04-26,23:15:05,-07:00,2025-04-26T23:15:05-07:00,0,19
style.css,199,css,e9d3ec3d,saanvi-ranadive,2025-04-26,23:15:05,-07:00,2025-04-26T23:15:05-07:00,0,13
style.css,200,css,e9d3ec3d,saanvi-ranadive,2025-04-26,23:15:05,-07:00,2025-04-26T23:15:05-07:00,0,15
style.css,201,css,e9d3ec3d,saanvi-ranadive,2025-04-26,23:15:05,-07:00,2025-04-26T23:15:05-07:00,0,10
style.css,202,css,e9d3ec3d,saanvi-ranadive,2025-04-26,23:15:05,-07:00,2025-04-26T23:15:05-07:00,0,17
style.css,203,css,e9d3ec3d,saanvi-ranadive,2025-04-26,23:15:05,-07:00,2025-04-26T23:15:05-07:00,0,40
style.css,204,css,e9d3ec3d,saanvi-ranadive,2025-04-26,23:15:05,-07:00,2025-04-26T23:15:05-07:00,0,32
style.css,205,css,e9d3ec3d,saanvi-ranadive,2025-04-26,23:15:05,-07:00,2025-04-26T23:15:05-07:00,0,0
style.css,206,css,e9d3ec3d,saanvi-ranadive,2025-04-26,23:15:05,-07:00,2025-04-26T23:15:05-07:00,0,0
style.css,207,css,e9d3ec3d,saanvi-ranadive,2025-04-26,23:15:05,-07:00,2025-04-26T23:15:05-07:00,0,18
style.css,208,css,e9d3ec3d,saanvi-ranadive,2025-04-26,23:15:05,-07:00,2025-04-26T23:15:05-07:00,0,13
style.css,209,css,e9d3ec3d,saanvi-ranadive,2025-04-26,23:15:05,-07:00,2025-04-26T23:15:05-07:00,0,37
style.css,210,css,e9d3ec3d,saanvi-ranadive,2025-04-26,23:15:05,-07:00,2025-04-26T23:15:05-07:00,0,18
style.css,211,css,e9d3ec3d,saanvi-ranadive,2025-04-26,23:15:05,-07:00,2025-04-26T23:15:05-07:00,0,0
style.css,212,css,e9d3ec3d,saanvi-ranadive,2025-04-26,23:15:05,-07:00,2025-04-26T23:15:05-07:00,0,0
style.css,213,css,e9d3ec3d,saanvi-ranadive,2025-04-26,23:15:05,-07:00,2025-04-26T23:15:05-07:00,0,18
style.css,214,css,e9d3ec3d,saanvi-ranadive,2025-04-26,23:15:05,-07:00,2025-04-26T23:15:05-07:00,0,11
style.css,215,css,e9d3ec3d,saanvi-ranadive,2025-04-26,23:15:05,-07:00,2025-04-26T23:15:05-07:00,0,26
style.css,216,css,e9d3ec3d,saanvi-ranadive,2025-04-26,23:15:05,-07:00,2025-04-26T23:15:05-07:00,0,0
style.css,217,css,e9d3ec3d,saanvi-ranadive,2025-04-26,23:15:05,-07:00,2025-04-26T23:15:05-07:00,0,0
style.css,218,css,e9d3ec3d,saanvi-ranadive,2025-04-26,23:15:05,-07:00,2025-04-26T23:15:05-07:00,0,18
style.css,219,css,e9d3ec3d,saanvi-ranadive,2025-04-26,23:15:05,-07:00,2025-04-26T23:15:05-07:00,0,15
style.css,220,css,e9d3ec3d,saanvi-ranadive,2025-04-26,23:15:05,-07:00,2025-04-26T23:15:05-07:00,0,17
style.css,221,css,e9d3ec3d,saanvi-ranadive,2025-04-26,23:15:05,-07:00,2025-04-26T23:15:05-07:00,0,11
style.css,222,css,e9d3ec3d,saanvi-ranadive,2025-04-26,23:15:05,-07:00,2025-04-26T23:15:05-07:00,0,9
style.css,223,css,298a8635,saanvi-ranadive,2025-05-01,18:29:52,-07:00,2025-05-01T18:29:52-07:00,0,0
style.css,224,css,298a8635,saanvi-ranadive,2025-05-01,18:29:52,-07:00,2025-05-01T18:29:52-07:00,0,0
style.css,225,css,298a8635,saanvi-ranadive,2025-05-01,18:29:52,-07:00,2025-05-01T18:29:52-07:00,0,19
style.css,226,css,298a8635,saanvi-ranadive,2025-05-01,18:29:52,-07:00,2025-05-01T18:29:52-07:00,0,15
style.css,227,css,298a8635,saanvi-ranadive,2025-05-01,18:29:52,-07:00,2025-05-01T18:29:52-07:00,0,17
style.css,228,css,298a8635,saanvi-ranadive,2025-05-01,18:29:52,-07:00,2025-05-01T18:29:52-07:00,0,17
style.css,229,css,298a8635,saanvi-ranadive,2025-05-01,18:29:52,-07:00,2025-05-01T18:29:52-07:00,0,0
style.css,230,css,298a8635,saanvi-ranadive,2025-05-01,18:29:52,-07:00,2025-05-01T18:29:52-07:00,0,0
style.css,231,css,298a8635,saanvi-ranadive,2025-05-01,18:29:52,-07:00,2025-05-01T18:29:52-07:00,0,8
style.css,232,css,298a8635,saanvi-ranadive,2025-05-01,18:29:52,-07:00,2025-05-01T18:29:52-07:00,0,16
style.css,233,css,298a8635,saanvi-ranadive,2025-05-01,18:29:52,-07:00,2025-05-01T18:29:52-07:00,0,12
style.css,234,css,298a8635,saanvi-ranadive,2025-05-01,18:29:52,-07:00,2025-05-01T18:29:52-07:00,0,13
style.css,235,css,298a8635,saanvi-ranadive,2025-05-01,18:29:52,-07:00,2025-05-01T18:29:52-07:00,0,13
style.css,236,css,298a8635,saanvi-ranadive,2025-05-01,18:29:52,-07:00,2025-05-01T18:29:52-07:00,0,58
style.css,237,css,298a8635,saanvi-ranadive,2025-05-01,18:29:52,-07:00,2025-05-01T18:29:52-07:00,0,8
style.css,238,css,298a8635,saanvi-ranadive,2025-05-01,18:29:52,-07:00,2025-05-01T18:29:52-07:00,0,34
style.css,239,css,298a8635,saanvi-ranadive,2025-05-01,18:29:52,-07:00,2025-05-01T18:29:52-07:00,0,22
style.css,240,css,298a8635,saanvi-ranadive,2025-05-01,18:29:52,-07:00,2025-05-01T18:29:52-07:00,0,18
style.css,241,css,298a8635,saanvi-ranadive,2025-05-01,18:29:52,-07:00,2025-05-01T18:29:52-07:00,0,7
style.css,242,css,298a8635,saanvi-ranadive,2025-05-01,18:29:52,-07:00,2025-05-01T18:29:52-07:00,0,0
style.css,243,css,298a8635,saanvi-ranadive,2025-05-01,18:29:52,-07:00,2025-05-01T18:29:52-07:00,0,0
style.css,244,css,298a8635,saanvi-ranadive,2025-05-01,18:29:52,-07:00,2025-05-01T18:29:52-07:00,0,14
style.css,245,css,298a8635,saanvi-ranadive,2025-05-01,18:29:52,-07:00,2025-05-01T18:29:52-07:00,0,18
style.css,246,css,298a8635,saanvi-ranadive,2025-05-01,18:29:52,-07:00,2025-05-01T18:29:52-07:00,0,11
style.css,247,css,298a8635,saanvi-ranadive,2025-05-01,18:29:52,-07:00,2025-05-01T18:29:52-07:00,0,16
style.css,248,css,298a8635,saanvi-ranadive,2025-05-01,18:29:52,-07:00,2025-05-01T18:29:52-07:00,0,0
style.css,249,css,298a8635,saanvi-ranadive,2025-05-01,18:29:52,-07:00,2025-05-01T18:29:52-07:00,0,16
style.css,250,css,298a8635,saanvi-ranadive,2025-05-01,18:29:52,-07:00,2025-05-01T18:29:52-07:00,0,21
style.css,251,css,298a8635,saanvi-ranadive,2025-05-01,18:29:52,-07:00,2025-05-01T18:29:52-07:00,0,10
style.css,252,css,298a8635,saanvi-ranadive,2025-05-01,18:29:52,-07:00,2025-05-01T18:29:52-07:00,0,11
style.css,253,css,298a8635,saanvi-ranadive,2025-05-01,18:29:52,-07:00,2025-05-01T18:29:52-07:00,0,19
style.css,254,css,298a8635,saanvi-ranadive,2025-05-01,18:29:52,-07:00,2025-05-01T18:29:52-07:00,0,18
style.css,255,css,298a8635,saanvi-ranadive,2025-05-01,18:29:52,-07:00,2025-05-01T18:29:52-07:00,0,30
style.css,256,css,298a8635,saanvi-ranadive,2025-05-01,18:29:52,-07:00,2025-05-01T18:29:52-07:00,0,22
style.css,257,css,298a8635,saanvi-ranadive,2025-05-01,18:29:52,-07:00,2025-05-01T18:29:52-07:00,0,0
style.css,258,css,298a8635,saanvi-ranadive,2025-05-01,18:29:52,-07:00,2025-05-01T18:29:52-07:00,0,0
style.css,259,css,298a8635,saanvi-ranadive,2025-05-01,18:29:52,-07:00,2025-05-01T18:29:52-07:00,0,21
style.css,260,css,298a8635,saanvi-ranadive,2025-05-01,18:29:52,-07:00,2025-05-01T18:29:52-07:00,0,13
style.css,261,css,298a8635,saanvi-ranadive,2025-05-01,18:29:52,-07:00,2025-05-01T18:29:52-07:00,0,19
style.css,262,css,298a8635,saanvi-ranadive,2025-05-01,18:29:52,-07:00,2025-05-01T18:29:52-07:00,0,10
style.css,263,css,298a8635,saanvi-ranadive,2025-05-01,18:29:52,-07:00,2025-05-01T18:29:52-07:00,0,0
style.css,264,css,298a8635,saanvi-ranadive,2025-05-01,18:29:52,-07:00,2025-05-01T18:29:52-07:00,0,0
style.css,265,css,298a8635,saanvi-ranadive,2025-05-01,18:29:52,-07:00,2025-05-01T18:29:52-07:00,0,11
style.css,266,css,298a8635,saanvi-ranadive,2025-05-01,18:29:52,-07:00,2025-05-01T18:29:52-07:00,0,13
style.css,267,css,298a8635,saanvi-ranadive,2025-05-01,18:29:52,-07:00,2025-05-01T18:29:52-07:00,0,19
style.css,268,css,298a8635,saanvi-ranadive,2025-05-01,18:29:52,-07:00,2025-05-01T18:29:52-07:00,0,8
style.css,269,css,298a8635,saanvi-ranadive,2025-05-01,18:29:52,-07:00,2025-05-01T18:29:52-07:00,0,0
style.css,270,css,298a8635,saanvi-ranadive,2025-05-01,18:29:52,-07:00,2025-05-01T18:29:52-07:00,0,0
style.css,271,css,298a8635,saanvi-ranadive,2025-05-01,18:29:52,-07:00,2025-05-01T18:29:52-07:00,0,12
style.css,272,css,298a8635,saanvi-ranadive,2025-05-01,18:29:52,-07:00,2025-05-01T18:29:52-07:00,0,21
style.css,273,css,298a8635,saanvi-ranadive,2025-05-01,18:29:52,-07:00,2025-05-01T18:29:52-07:00,0,37
style.css,274,css,298a8635,saanvi-ranadive,2025-05-01,18:29:52,-07:00,2025-05-01T18:29:52-07:00,0,17
style.css,275,css,298a8635,saanvi-ranadive,2025-05-01,18:29:52,-07:00,2025-05-01T18:29:52-07:00,0,16
style.css,276,css,298a8635,saanvi-ranadive,2025-05-01,18:29:52,-07:00,2025-05-01T18:29:52-07:00,0,16
style.css,277,css,298a8635,saanvi-ranadive,2025-05-01,18:29:52,-07:00,2025-05-01T18:29:52-07:00,0,18
style.css,278,css,298a8635,saanvi-ranadive,2025-05-01,18:29:52,-07:00,2025-05-01T18:29:52-07:00,0,0
style.css,279,css,298a8635,saanvi-ranadive,2025-05-01,18:29:52,-07:00,2025-05-01T18:29:52-07:00,0,0
style.css,280,css,298a8635,saanvi-ranadive,2025-05-01,18:29:52,-07:00,2025-05-01T18:29:52-07:00,0,11
style.css,281,css,298a8635,saanvi-ranadive,2025-05-01,18:29:52,-07:00,2025-05-01T18:29:52-07:00,0,11
style.css,282,css,298a8635,saanvi-ranadive,2025-05-01,18:29:52,-07:00,2025-05-01T18:29:52-07:00,0,12
style.css,283,css,298a8635,saanvi-ranadive,2025-05-01,18:29:52,-07:00,2025-05-01T18:29:52-07:00,0,15
style.css,284,css,298a8635,saanvi-ranadive,2025-05-01,18:29:52,-07:00,2025-05-01T18:29:52-07:00,0,15
style.css,285,css,298a8635,saanvi-ranadive,2025-05-01,18:29:52,-07:00,2025-05-01T18:29:52-07:00,0,22
style.css,286,css,e1701c7e,saanvi-ranadive,2025-05-02,02:46:11,-07:00,2025-05-02T02:46:11-07:00,0,0
style.css,287,css,e1701c7e,saanvi-ranadive,2025-05-02,02:46:11,-07:00,2025-05-02T02:46:11-07:00,0,0
style.css,288,css,e1701c7e,saanvi-ranadive,2025-05-02,02:46:11,-07:00,2025-05-02T02:46:11-07:00,0,18
style.css,289,css,e1701c7e,saanvi-ranadive,2025-05-02,02:46:11,-07:00,2025-05-02T02:46:11-07:00,0,17
style.css,290,css,e1701c7e,saanvi-ranadive,2025-05-02,02:46:11,-07:00,2025-05-02T02:46:11-07:00,0,12
style.css,291,css,e1701c7e,saanvi-ranadive,2025-05-02,02:46:11,-07:00,2025-05-02T02:46:11-07:00,0,0
style.css,292,css,e1701c7e,saanvi-ranadive,2025-05-02,02:46:11,-07:00,2025-05-02T02:46:11-07:00,0,0
style.css,293,css,e1701c7e,saanvi-ranadive,2025-05-02,02:46:11,-07:00,2025-05-02T02:46:11-07:00,0,0
style.css,294,css,e1701c7e,saanvi-ranadive,2025-05-02,02:46:11,-07:00,2025-05-02T02:46:11-07:00,0,5
style.css,295,css,e1701c7e,saanvi-ranadive,2025-05-02,02:46:11,-07:00,2025-05-02T02:46:11-07:00,0,17
style.css,296,css,e1701c7e,saanvi-ranadive,2025-05-02,02:46:11,-07:00,2025-05-02T02:46:11-07:00,0,15
style.css,297,css,e1701c7e,saanvi-ranadive,2025-05-02,02:46:11,-07:00,2025-05-02T02:46:11-07:00,0,0
style.css,298,css,e1701c7e,saanvi-ranadive,2025-05-02,02:46:11,-07:00,2025-05-02T02:46:11-07:00,0,0
style.css,299,css,e1701c7e,saanvi-ranadive,2025-05-02,02:46:11,-07:00,2025-05-02T02:46:11-07:00,0,10
style.css,300,css,e1701c7e,saanvi-ranadive,2025-05-02,02:46:11,-07:00,2025-05-02T02:46:11-07:00,0,36
style.css,301,css,e1701c7e,saanvi-ranadive,2025-05-02,02:46:11,-07:00,2025-05-02T02:46:11-07:00,0,0
style.css,302,css,e1701c7e,saanvi-ranadive,2025-05-02,02:46:11,-07:00,2025-05-02T02:46:11-07:00,0,11
style.css,303,css,e1701c7e,saanvi-ranadive,2025-05-02,02:46:11,-07:00,2025-05-02T02:46:11-07:00,0,18
style.css,304,css,e1701c7e,saanvi-ranadive,2025-05-02,02:46:11,-07:00,2025-05-02T02:46:11-07:00,0,0
style.css,305,css,e1701c7e,saanvi-ranadive,2025-05-02,02:46:11,-07:00,2025-05-02T02:46:11-07:00,0,0
style.css,306,css,e1701c7e,saanvi-ranadive,2025-05-02,02:46:11,-07:00,2025-05-02T02:46:11-07:00,0,0
style.css,307,css,e1701c7e,saanvi-ranadive,2025-05-02,02:46:11,-07:00,2025-05-02T02:46:11-07:00,0,14
style.css,308,css,e1701c7e,saanvi-ranadive,2025-05-02,02:46:11,-07:00,2025-05-02T02:46:11-07:00,0,13
style.css,309,css,e1701c7e,saanvi-ranadive,2025-05-02,02:46:11,-07:00,2025-05-02T02:46:11-07:00,0,17
style.css,310,css,e1701c7e,saanvi-ranadive,2025-05-02,02:46:11,-07:00,2025-05-02T02:46:11-07:00,0,21
style.css,311,css,e1701c7e,saanvi-ranadive,2025-05-02,02:46:11,-07:00,2025-05-02T02:46:11-07:00,0,48
style.css,312,css,4e422bef,saanvi-ranadive,2025-04-03,20:09:45,-07:00,2025-04-03T20:09:45-07:00,0,0
index.js,1,js,e9d3ec3d,saanvi-ranadive,2025-04-26,23:15:05,-07:00,2025-04-26T23:15:05-07:00,0,72
index.js,2,js,e9d3ec3d,saanvi-ranadive,2025-04-26,23:15:05,-07:00,2025-04-26T23:15:05-07:00,0,55
index.js,3,js,e9d3ec3d,saanvi-ranadive,2025-04-26,23:15:05,-07:00,2025-04-26T23:15:05-07:00,0,43
index.js,4,js,e9d3ec3d,saanvi-ranadive,2025-04-26,23:15:05,-07:00,2025-04-26T23:15:05-07:00,0,61
index.js,5,js,e9d3ec3d,saanvi-ranadive,2025-04-26,23:15:05,-07:00,2025-04-26T23:15:05-07:00,0,55
index.js,6,js,e9d3ec3d,saanvi-ranadive,2025-04-26,23:15:05,-07:00,2025-04-26T23:15:05-07:00,0,59
index.js,7,js,e9d3ec3d,saanvi-ranadive,2025-04-26,23:15:05,-07:00,2025-04-26T23:15:05-07:00,0,61
index.js,8,js,e9d3ec3d,saanvi-ranadive,2025-04-26,23:15:05,-07:00,2025-04-26T23:15:05-07:00,0,18
index.js,9,js,e9d3ec3d,saanvi-ranadive,2025-04-26,23:15:05,-07:00,2025-04-26T23:15:05-07:00,0,25
index.js,10,js,e9d3ec3d,saanvi-ranadive,2025-04-26,23:15:05,-07:00,2025-04-26T23:15:05-07:00,0,3
index.js,11,js,e9d3ec3d,saanvi-ranadive,2025-04-26,23:15:05,-07:00,2025-04-26T23:15:05-07:00,0,56
index.js,12,js,e9d3ec3d,saanvi-ranadive,2025-04-26,23:15:05,-07:00,2025-04-26T23:15:05-07:00,0,56
index.js,13,js,e9d3ec3d,saanvi-ranadive,2025-04-26,23:15:05,-07:00,2025-04-26T23:15:05-07:00,0,50
index.js,14,js,e9d3ec3d,saanvi-ranadive,2025-04-26,23:15:05,-07:00,2025-04-26T23:15:05-07:00,0,50
index.js,15,js,e9d3ec3d,saanvi-ranadive,2025-04-26,23:15:05,-07:00,2025-04-26T23:15:05-07:00,0,4
index.js,16,js,e9d3ec3d,saanvi-ranadive,2025-04-26,23:15:05,-07:00,2025-04-26T23:15:05-07:00,0,1
index.js,17,js,e9d3ec3d,saanvi-ranadive,2025-04-26,23:15:05,-07:00,2025-04-26T23:15:05-07:00,0,0
index.html,1,html,a01085e8,saanvi-ranadive,2025-04-03,18:01:50,-07:00,2025-04-03T18:01:50-07:00,0,14
index.html,2,html,a01085e8,saanvi-ranadive,2025-04-03,18:01:50,-07:00,2025-04-03T18:01:50-07:00,0,15
index.html,3,html,a01085e8,saanvi-ranadive,2025-04-03,18:01:50,-07:00,2025-04-03T18:01:50-07:00,0,5
index.html,4,html,a01085e8,saanvi-ranadive,2025-04-03,18:01:50,-07:00,2025-04-03T18:01:50-07:00,0,21
index.html,5,html,a01085e8,saanvi-ranadive,2025-04-03,18:01:50,-07:00,2025-04-03T18:01:50-07:00,0,69
index.html,6,html,a01085e8,saanvi-ranadive,2025-04-03,18:01:50,-07:00,2025-04-03T18:01:50-07:00,0,58
index.html,7,html,4e422bef,saanvi-ranadive,2025-04-03,20:09:45,-07:00,2025-04-03T20:09:45-07:00,0,39
index.html,8,html,a01085e8,saanvi-ranadive,2025-04-03,18:01:50,-07:00,2025-04-03T18:01:50-07:00,0,6
index.html,9,html,a01085e8,saanvi-ranadive,2025-04-03,18:01:50,-07:00,2025-04-03T18:01:50-07:00,0,5
index.html,10,html,37d62427,saanvi-ranadive,2025-04-04,14:00:32,-07:00,2025-04-04T14:00:32-07:00,0,47
index.html,11,html,37d62427,saanvi-ranadive,2025-04-04,14:00:32,-07:00,2025-04-04T14:00:32-07:00,0,67
index.html,12,html,a273bf54,saanvi-ranadive,2025-04-03,18:35:01,-07:00,2025-04-03T18:35:01-07:00,0,74
index.html,13,html,a273bf54,saanvi-ranadive,2025-04-03,18:35:01,-07:00,2025-04-03T18:35:01-07:00,0,73
index.html,14,html,a273bf54,saanvi-ranadive,2025-04-03,18:35:01,-07:00,2025-04-03T18:35:01-07:00,0,70
index.html,15,html,a273bf54,saanvi-ranadive,2025-04-03,18:35:01,-07:00,2025-04-03T18:35:01-07:00,0,63
index.html,16,html,e9d3ec3d,saanvi-ranadive,2025-04-26,23:15:05,-07:00,2025-04-26T23:15:05-07:00,0,23
index.html,17,html,e9d3ec3d,saanvi-ranadive,2025-04-26,23:15:05,-07:00,2025-04-26T23:15:05-07:00,0,23
index.html,18,html,e9d3ec3d,saanvi-ranadive,2025-04-26,23:15:05,-07:00,2025-04-26T23:15:05-07:00,0,37
index.html,19,html,e9d3ec3d,saanvi-ranadive,2025-04-26,23:15:05,-07:00,2025-04-26T23:15:05-07:00,0,5
index.html,20,html,e9d3ec3d,saanvi-ranadive,2025-04-26,23:15:05,-07:00,2025-04-26T23:15:05-07:00,0,23
index.html,21,html,e9d3ec3d,saanvi-ranadive,2025-04-26,23:15:05,-07:00,2025-04-26T23:15:05-07:00,0,21
index.html,22,html,e9d3ec3d,saanvi-ranadive,2025-04-26,23:15:05,-07:00,2025-04-26T23:15:05-07:00,0,50
index.html,23,html,e9d3ec3d,saanvi-ranadive,2025-04-26,23:15:05,-07:00,2025-04-26T23:15:05-07:00,0,5
index.html,24,html,1954295c,saanvi-ranadive,2025-04-18,22:14:36,-07:00,2025-04-18T22:14:36-07:00,0,46
index.html,25,html,e9d3ec3d,saanvi-ranadive,2025-04-26,23:15:05,-07:00,2025-04-26T23:15:05-07:00,0,51
index.html,26,html,a01085e8,saanvi-ranadive,2025-04-03,18:01:50,-07:00,2025-04-03T18:01:50-07:00,0,6
index.html,27,html,a01085e8,saanvi-ranadive,2025-04-03,18:01:50,-07:00,2025-04-03T18:01:50-07:00,0,6
global.js,1,js,1954295c,saanvi-ranadive,2025-04-18,22:14:36,-07:00,2025-04-18T22:14:36-07:00,0,89
global.js,2,js,1954295c,saanvi-ranadive,2025-04-18,22:14:36,-07:00,2025-04-18T22:14:36-07:00,0,4
global.js,3,js,1954295c,saanvi-ranadive,2025-04-18,22:14:36,-07:00,2025-04-18T22:14:36-07:00,0,15
global.js,4,js,1954295c,saanvi-ranadive,2025-04-18,22:14:36,-07:00,2025-04-18T22:14:36-07:00,0,0
global.js,5,js,1954295c,saanvi-ranadive,2025-04-18,22:14:36,-07:00,2025-04-18T22:14:36-07:00,0,26
global.js,6,js,1954295c,saanvi-ranadive,2025-04-18,22:14:36,-07:00,2025-04-18T22:14:36-07:00,0,0
global.js,7,js,1954295c,saanvi-ranadive,2025-04-18,22:14:36,-07:00,2025-04-18T22:14:36-07:00,0,42
global.js,8,js,1954295c,saanvi-ranadive,2025-04-18,22:14:36,-07:00,2025-04-18T22:14:36-07:00,0,53
global.js,9,js,1954295c,saanvi-ranadive,2025-04-18,22:14:36,-07:00,2025-04-18T22:14:36-07:00,0,0
global.js,10,js,1954295c,saanvi-ranadive,2025-04-18,22:14:36,-07:00,2025-04-18T22:14:36-07:00,0,0
global.js,11,js,1954295c,saanvi-ranadive,2025-04-18,22:14:36,-07:00,2025-04-18T22:14:36-07:00,0,12
global.js,12,js,1954295c,saanvi-ranadive,2025-04-18,22:14:36,-07:00,2025-04-18T22:14:36-07:00,0,26
global.js,13,js,1954295c,saanvi-ranadive,2025-04-18,22:14:36,-07:00,2025-04-18T22:14:36-07:00,0,39
global.js,14,js,00000000,Not Committed Yet,2025-05-08,18:42:32,-07:00,2025-05-08T18:42:32-07:00,0,34
global.js,15,js,00000000,Not Committed Yet,2025-05-08,18:42:32,-07:00,2025-05-08T18:42:32-07:00,0,30
global.js,16,js,1954295c,saanvi-ranadive,2025-04-18,22:14:36,-07:00,2025-04-18T22:14:36-07:00,0,36
global.js,17,js,00000000,Not Committed Yet,2025-05-08,18:42:32,-07:00,2025-05-08T18:42:32-07:00,0,60
global.js,18,js,1954295c,saanvi-ranadive,2025-04-18,22:14:36,-07:00,2025-04-18T22:14:36-07:00,0,1
global.js,19,js,1954295c,saanvi-ranadive,2025-04-18,22:14:36,-07:00,2025-04-18T22:14:36-07:00,0,0
global.js,20,js,1954295c,saanvi-ranadive,2025-04-18,22:14:36,-07:00,2025-04-18T22:14:36-07:00,0,39
global.js,21,js,1954295c,saanvi-ranadive,2025-04-18,22:14:36,-07:00,2025-04-18T22:14:36-07:00,0,26
global.js,22,js,1954295c,saanvi-ranadive,2025-04-18,22:14:36,-07:00,2025-04-18T22:14:36-07:00,0,0
global.js,23,js,1954295c,saanvi-ranadive,2025-04-18,22:14:36,-07:00,2025-04-18T22:14:36-07:00,0,21
global.js,24,js,1954295c,saanvi-ranadive,2025-04-18,22:14:36,-07:00,2025-04-18T22:14:36-07:00,0,15
global.js,25,js,1954295c,saanvi-ranadive,2025-04-18,22:14:36,-07:00,2025-04-18T22:14:36-07:00,0,19
global.js,26,js,1954295c,saanvi-ranadive,2025-04-18,22:14:36,-07:00,2025-04-18T22:14:36-07:00,0,42
global.js,27,js,1954295c,saanvi-ranadive,2025-04-18,22:14:36,-07:00,2025-04-18T22:14:36-07:00,0,53
global.js,28,js,1954295c,saanvi-ranadive,2025-04-18,22:14:36,-07:00,2025-04-18T22:14:36-07:00,0,35
global.js,29,js,1954295c,saanvi-ranadive,2025-04-18,22:14:36,-07:00,2025-04-18T22:14:36-07:00,0,12
global.js,30,js,1954295c,saanvi-ranadive,2025-04-18,22:14:36,-07:00,2025-04-18T22:14:36-07:00,0,21
global.js,31,js,1954295c,saanvi-ranadive,2025-04-18,22:14:36,-07:00,2025-04-18T22:14:36-07:00,0,66
global.js,32,js,1954295c,saanvi-ranadive,2025-04-18,22:14:36,-07:00,2025-04-18T22:14:36-07:00,0,26
global.js,33,js,1954295c,saanvi-ranadive,2025-04-18,22:14:36,-07:00,2025-04-18T22:14:36-07:00,0,0
global.js,34,js,1954295c,saanvi-ranadive,2025-04-18,22:14:36,-07:00,2025-04-18T22:14:36-07:00,0,30
global.js,35,js,1954295c,saanvi-ranadive,2025-04-18,22:14:36,-07:00,2025-04-18T22:14:36-07:00,0,19
global.js,36,js,1954295c,saanvi-ranadive,2025-04-18,22:14:36,-07:00,2025-04-18T22:14:36-07:00,0,0
global.js,37,js,1954295c,saanvi-ranadive,2025-04-18,22:14:36,-07:00,2025-04-18T22:14:36-07:00,0,13
global.js,38,js,1954295c,saanvi-ranadive,2025-04-18,22:14:36,-07:00,2025-04-18T22:14:36-07:00,0,0
global.js,39,js,1954295c,saanvi-ranadive,2025-04-18,22:14:36,-07:00,2025-04-18T22:14:36-07:00,0,0
global.js,40,js,1954295c,saanvi-ranadive,2025-04-18,22:14:36,-07:00,2025-04-18T22:14:36-07:00,0,32
global.js,41,js,1954295c,saanvi-ranadive,2025-04-18,22:14:36,-07:00,2025-04-18T22:14:36-07:00,0,12
global.js,42,js,1954295c,saanvi-ranadive,2025-04-18,22:14:36,-07:00,2025-04-18T22:14:36-07:00,0,0
global.js,43,js,1954295c,saanvi-ranadive,2025-04-18,22:14:36,-07:00,2025-04-18T22:14:36-07:00,0,27
global.js,44,js,1954295c,saanvi-ranadive,2025-04-18,22:14:36,-07:00,2025-04-18T22:14:36-07:00,0,5
global.js,45,js,1954295c,saanvi-ranadive,2025-04-18,22:14:36,-07:00,2025-04-18T22:14:36-07:00,0,7
global.js,46,js,1954295c,saanvi-ranadive,2025-04-18,22:14:36,-07:00,2025-04-18T22:14:36-07:00,0,33
global.js,47,js,1954295c,saanvi-ranadive,2025-04-18,22:14:36,-07:00,2025-04-18T22:14:36-07:00,0,35
global.js,48,js,1954295c,saanvi-ranadive,2025-04-18,22:14:36,-07:00,2025-04-18T22:14:36-07:00,0,33
global.js,49,js,1954295c,saanvi-ranadive,2025-04-18,22:14:36,-07:00,2025-04-18T22:14:36-07:00,0,8
global.js,50,js,1954295c,saanvi-ranadive,2025-04-18,22:14:36,-07:00,2025-04-18T22:14:36-07:00,0,9
global.js,51,js,1954295c,saanvi-ranadive,2025-04-18,22:14:36,-07:00,2025-04-18T22:14:36-07:00,0,1
global.js,52,js,1954295c,saanvi-ranadive,2025-04-18,22:14:36,-07:00,2025-04-18T22:14:36-07:00,0,0
global.js,53,js,1954295c,saanvi-ranadive,2025-04-18,22:14:36,-07:00,2025-04-18T22:14:36-07:00,0,47
global.js,54,js,1954295c,saanvi-ranadive,2025-04-18,22:14:36,-07:00,2025-04-18T22:14:36-07:00,0,0
global.js,55,js,1954295c,saanvi-ranadive,2025-04-18,22:14:36,-07:00,2025-04-18T22:14:36-07:00,0,35
global.js,56,js,1954295c,saanvi-ranadive,2025-04-18,22:14:36,-07:00,2025-04-18T22:14:36-07:00,0,84
global.js,57,js,1954295c,saanvi-ranadive,2025-04-18,22:14:36,-07:00,2025-04-18T22:14:36-07:00,0,39
global.js,58,js,1954295c,saanvi-ranadive,2025-04-18,22:14:36,-07:00,2025-04-18T22:14:36-07:00,0,0
global.js,59,js,1954295c,saanvi-ranadive,2025-04-18,22:14:36,-07:00,2025-04-18T22:14:36-07:00,0,50
global.js,60,js,1954295c,saanvi-ranadive,2025-04-18,22:14:36,-07:00,2025-04-18T22:14:36-07:00,0,58
global.js,61,js,1954295c,saanvi-ranadive,2025-04-18,22:14:36,-07:00,2025-04-18T22:14:36-07:00,0,78
global.js,62,js,1954295c,saanvi-ranadive,2025-04-18,22:14:36,-07:00,2025-04-18T22:14:36-07:00,0,45
global.js,63,js,e9d3ec3d,saanvi-ranadive,2025-04-26,23:15:05,-07:00,2025-04-26T23:15:05-07:00,0,2
global.js,64,js,e9d3ec3d,saanvi-ranadive,2025-04-26,23:15:05,-07:00,2025-04-26T23:15:05-07:00,0,0
global.js,65,js,e9d3ec3d,saanvi-ranadive,2025-04-26,23:15:05,-07:00,2025-04-26T23:15:05-07:00,0,37
global.js,66,js,e9d3ec3d,saanvi-ranadive,2025-04-26,23:15:05,-07:00,2025-04-26T23:15:05-07:00,0,4
global.js,67,js,e9d3ec3d,saanvi-ranadive,2025-04-26,23:15:05,-07:00,2025-04-26T23:15:05-07:00,0,40
global.js,68,js,e9d3ec3d,saanvi-ranadive,2025-04-26,23:15:05,-07:00,2025-04-26T23:15:05-07:00,0,33
global.js,69,js,e9d3ec3d,saanvi-ranadive,2025-04-26,23:15:05,-07:00,2025-04-26T23:15:05-07:00,0,24
global.js,70,js,e9d3ec3d,saanvi-ranadive,2025-04-26,23:15:05,-07:00,2025-04-26T23:15:05-07:00,0,18
global.js,71,js,e9d3ec3d,saanvi-ranadive,2025-04-26,23:15:05,-07:00,2025-04-26T23:15:05-07:00,0,67
global.js,72,js,e9d3ec3d,saanvi-ranadive,2025-04-26,23:15:05,-07:00,2025-04-26T23:15:05-07:00,0,0
global.js,73,js,e9d3ec3d,saanvi-ranadive,2025-04-26,23:15:05,-07:00,2025-04-26T23:15:05-07:00,0,34
global.js,74,js,e9d3ec3d,saanvi-ranadive,2025-04-26,23:15:05,-07:00,2025-04-26T23:15:05-07:00,0,11
global.js,75,js,e9d3ec3d,saanvi-ranadive,2025-04-26,23:15:05,-07:00,2025-04-26T23:15:05-07:00,0,16
global.js,76,js,e9d3ec3d,saanvi-ranadive,2025-04-26,23:15:05,-07:00,2025-04-26T23:15:05-07:00,0,60
global.js,77,js,e9d3ec3d,saanvi-ranadive,2025-04-26,23:15:05,-07:00,2025-04-26T23:15:05-07:00,0,0
global.js,78,js,e9d3ec3d,saanvi-ranadive,2025-04-26,23:15:05,-07:00,2025-04-26T23:15:05-07:00,0,0
global.js,79,js,e9d3ec3d,saanvi-ranadive,2025-04-26,23:15:05,-07:00,2025-04-26T23:15:05-07:00,0,0
global.js,80,js,e9d3ec3d,saanvi-ranadive,2025-04-26,23:15:05,-07:00,2025-04-26T23:15:05-07:00,0,80
global.js,81,js,e9d3ec3d,saanvi-ranadive,2025-04-26,23:15:05,-07:00,2025-04-26T23:15:05-07:00,0,31
global.js,82,js,e9d3ec3d,saanvi-ranadive,2025-04-26,23:15:05,-07:00,2025-04-26T23:15:05-07:00,0,0
global.js,83,js,e9d3ec3d,saanvi-ranadive,2025-04-26,23:15:05,-07:00,2025-04-26T23:15:05-07:00,0,28
global.js,84,js,e9d3ec3d,saanvi-ranadive,2025-04-26,23:15:05,-07:00,2025-04-26T23:15:05-07:00,0,49
global.js,85,js,e9d3ec3d,saanvi-ranadive,2025-04-26,23:15:05,-07:00,2025-04-26T23:15:05-07:00,0,20
global.js,86,js,298a8635,saanvi-ranadive,2025-05-01,18:29:52,-07:00,2025-05-01T18:29:52-07:00,0,27
global.js,87,js,e9d3ec3d,saanvi-ranadive,2025-04-26,23:15:05,-07:00,2025-04-26T23:15:05-07:00,0,50
global.js,88,js,298a8635,saanvi-ranadive,2025-05-01,18:29:52,-07:00,2025-05-01T18:29:52-07:00,0,5
global.js,89,js,298a8635,saanvi-ranadive,2025-05-01,18:29:52,-07:00,2025-05-01T18:29:52-07:00,0,28
global.js,90,js,e9d3ec3d,saanvi-ranadive,2025-04-26,23:15:05,-07:00,2025-04-26T23:15:05-07:00,0,50
global.js,91,js,e9d3ec3d,saanvi-ranadive,2025-04-26,23:15:05,-07:00,2025-04-26T23:15:05-07:00,0,28
global.js,92,js,298a8635,saanvi-ranadive,2025-05-01,18:29:52,-07:00,2025-05-01T18:29:52-07:00,0,5
global.js,93,js,298a8635,saanvi-ranadive,2025-05-01,18:29:52,-07:00,2025-05-01T18:29:52-07:00,0,27
global.js,94,js,298a8635,saanvi-ranadive,2025-05-01,18:29:52,-07:00,2025-05-01T18:29:52-07:00,0,46
global.js,95,js,298a8635,saanvi-ranadive,2025-05-01,18:29:52,-07:00,2025-05-01T18:29:52-07:00,0,5
global.js,96,js,e9d3ec3d,saanvi-ranadive,2025-04-26,23:15:05,-07:00,2025-04-26T23:15:05-07:00,0,1
global.js,97,js,e9d3ec3d,saanvi-ranadive,2025-04-26,23:15:05,-07:00,2025-04-26T23:15:05-07:00,0,37
global.js,98,js,e9d3ec3d,saanvi-ranadive,2025-04-26,23:15:05,-07:00,2025-04-26T23:15:05-07:00,0,2
global.js,99,js,e9d3ec3d,saanvi-ranadive,2025-04-26,23:15:05,-07:00,2025-04-26T23:15:05-07:00,0,0
global.js,100,js,e9d3ec3d,saanvi-ranadive,2025-04-26,23:15:05,-07:00,2025-04-26T23:15:05-07:00,0,0
global.js,101,js,e9d3ec3d,saanvi-ranadive,2025-04-26,23:15:05,-07:00,2025-04-26T23:15:05-07:00,0,48
global.js,102,js,e9d3ec3d,saanvi-ranadive,2025-04-26,23:15:05,-07:00,2025-04-26T23:15:05-07:00,0,23
global.js,103,js,e9d3ec3d,saanvi-ranadive,2025-04-26,23:15:05,-07:00,2025-04-26T23:15:05-07:00,0,60
global.js,104,js,e9d3ec3d,saanvi-ranadive,2025-04-26,23:15:05,-07:00,2025-04-26T23:15:05-07:00,0,0
resume/index.html,1,html,10787829,saanvi-ranadive,2025-04-04,00:44:09,-07:00,2025-04-04T00:44:09-07:00,0,14
resume/index.html,2,html,10787829,saanvi-ranadive,2025-04-04,00:44:09,-07:00,2025-04-04T00:44:09-07:00,0,15
resume/index.html,3,html,10787829,saanvi-ranadive,2025-04-04,00:44:09,-07:00,2025-04-04T00:44:09-07:00,0,5
resume/index.html,4,html,10787829,saanvi-ranadive,2025-04-04,00:44:09,-07:00,2025-04-04T00:44:09-07:00,0,21
resume/index.html,5,html,10787829,saanvi-ranadive,2025-04-04,00:44:09,-07:00,2025-04-04T00:44:09-07:00,0,69
resume/index.html,6,html,10787829,saanvi-ranadive,2025-04-04,00:44:09,-07:00,2025-04-04T00:44:09-07:00,0,20
resume/index.html,7,html,3f770edd,saanvi-ranadive,2025-04-09,10:39:04,-07:00,2025-04-09T10:39:04-07:00,0,42
resume/index.html,8,html,10787829,saanvi-ranadive,2025-04-04,00:44:09,-07:00,2025-04-04T00:44:09-07:00,0,6
resume/index.html,9,html,10787829,saanvi-ranadive,2025-04-04,00:44:09,-07:00,2025-04-04T00:44:09-07:00,0,5
resume/index.html,10,html,8087e1bb,saanvi-ranadive,2025-04-11,20:14:39,-07:00,2025-04-11T20:14:39-07:00,0,19
resume/index.html,11,html,8087e1bb,saanvi-ranadive,2025-04-11,20:14:39,-07:00,2025-04-11T20:14:39-07:00,0,22
resume/index.html,12,html,37d62427,saanvi-ranadive,2025-04-04,14:00:32,-07:00,2025-04-04T14:00:32-07:00,0,48
resume/index.html,13,html,10787829,saanvi-ranadive,2025-04-04,00:44:09,-07:00,2025-04-04T00:44:09-07:00,0,42
resume/index.html,14,html,10787829,saanvi-ranadive,2025-04-04,00:44:09,-07:00,2025-04-04T00:44:09-07:00,0,57
resume/index.html,15,html,10787829,saanvi-ranadive,2025-04-04,00:44:09,-07:00,2025-04-04T00:44:09-07:00,0,90
resume/index.html,16,html,8087e1bb,saanvi-ranadive,2025-04-11,20:14:39,-07:00,2025-04-11T20:14:39-07:00,0,3
resume/index.html,17,html,10787829,saanvi-ranadive,2025-04-04,00:44:09,-07:00,2025-04-04T00:44:09-07:00,0,8
resume/index.html,18,html,8087e1bb,saanvi-ranadive,2025-04-11,20:14:39,-07:00,2025-04-11T20:14:39-07:00,0,0
resume/index.html,19,html,8087e1bb,saanvi-ranadive,2025-04-11,20:14:39,-07:00,2025-04-11T20:14:39-07:00,0,8
resume/index.html,20,html,8087e1bb,saanvi-ranadive,2025-04-11,20:14:39,-07:00,2025-04-11T20:14:39-07:00,0,8
resume/index.html,21,html,8087e1bb,saanvi-ranadive,2025-04-11,20:14:39,-07:00,2025-04-11T20:14:39-07:00,0,39
resume/index.html,22,html,8087e1bb,saanvi-ranadive,2025-04-11,20:14:39,-07:00,2025-04-11T20:14:39-07:00,0,3
resume/index.html,23,html,8087e1bb,saanvi-ranadive,2025-04-11,20:14:39,-07:00,2025-04-11T20:14:39-07:00,0,41
resume/index.html,24,html,8087e1bb,saanvi-ranadive,2025-04-11,20:14:39,-07:00,2025-04-11T20:14:39-07:00,0,61
resume/index.html,25,html,8087e1bb,saanvi-ranadive,2025-04-11,20:14:39,-07:00,2025-04-11T20:14:39-07:00,0,3
resume/index.html,26,html,8087e1bb,saanvi-ranadive,2025-04-11,20:14:39,-07:00,2025-04-11T20:14:39-07:00,0,74
resume/index.html,27,html,8087e1bb,saanvi-ranadive,2025-04-11,20:14:39,-07:00,2025-04-11T20:14:39-07:00,0,3
resume/index.html,28,html,8087e1bb,saanvi-ranadive,2025-04-11,20:14:39,-07:00,2025-04-11T20:14:39-07:00,0,9
resume/index.html,29,html,8087e1bb,saanvi-ranadive,2025-04-11,20:14:39,-07:00,2025-04-11T20:14:39-07:00,0,0
resume/index.html,30,html,8087e1bb,saanvi-ranadive,2025-04-11,20:14:39,-07:00,2025-04-11T20:14:39-07:00,0,8
resume/index.html,31,html,8087e1bb,saanvi-ranadive,2025-04-11,20:14:39,-07:00,2025-04-11T20:14:39-07:00,0,40
resume/index.html,32,html,8087e1bb,saanvi-ranadive,2025-04-11,20:14:39,-07:00,2025-04-11T20:14:39-07:00,0,3
resume/index.html,33,html,8087e1bb,saanvi-ranadive,2025-04-11,20:14:39,-07:00,2025-04-11T20:14:39-07:00,0,31
resume/index.html,34,html,8087e1bb,saanvi-ranadive,2025-04-11,20:14:39,-07:00,2025-04-11T20:14:39-07:00,0,33
resume/index.html,35,html,8087e1bb,saanvi-ranadive,2025-04-11,20:14:39,-07:00,2025-04-11T20:14:39-07:00,0,3
resume/index.html,36,html,8087e1bb,saanvi-ranadive,2025-04-11,20:14:39,-07:00,2025-04-11T20:14:39-07:00,0,44
resume/index.html,37,html,8087e1bb,saanvi-ranadive,2025-04-11,20:14:39,-07:00,2025-04-11T20:14:39-07:00,0,3
resume/index.html,38,html,8087e1bb,saanvi-ranadive,2025-04-11,20:14:39,-07:00,2025-04-11T20:14:39-07:00,0,97
resume/index.html,39,html,8087e1bb,saanvi-ranadive,2025-04-11,20:14:39,-07:00,2025-04-11T20:14:39-07:00,0,97
resume/index.html,40,html,8087e1bb,saanvi-ranadive,2025-04-11,20:14:39,-07:00,2025-04-11T20:14:39-07:00,0,39
resume/index.html,41,html,8087e1bb,saanvi-ranadive,2025-04-11,20:14:39,-07:00,2025-04-11T20:14:39-07:00,0,4
resume/index.html,42,html,8087e1bb,saanvi-ranadive,2025-04-11,20:14:39,-07:00,2025-04-11T20:14:39-07:00,0,98
resume/index.html,43,html,8087e1bb,saanvi-ranadive,2025-04-11,20:14:39,-07:00,2025-04-11T20:14:39-07:00,0,52
resume/index.html,44,html,8087e1bb,saanvi-ranadive,2025-04-11,20:14:39,-07:00,2025-04-11T20:14:39-07:00,0,4
resume/index.html,45,html,8087e1bb,saanvi-ranadive,2025-04-11,20:14:39,-07:00,2025-04-11T20:14:39-07:00,0,98
resume/index.html,46,html,8087e1bb,saanvi-ranadive,2025-04-11,20:14:39,-07:00,2025-04-11T20:14:39-07:00,0,85
resume/index.html,47,html,8087e1bb,saanvi-ranadive,2025-04-11,20:14:39,-07:00,2025-04-11T20:14:39-07:00,0,4
resume/index.html,48,html,8087e1bb,saanvi-ranadive,2025-04-11,20:14:39,-07:00,2025-04-11T20:14:39-07:00,0,4
resume/index.html,49,html,8087e1bb,saanvi-ranadive,2025-04-11,20:14:39,-07:00,2025-04-11T20:14:39-07:00,0,3
resume/index.html,50,html,8087e1bb,saanvi-ranadive,2025-04-11,20:14:39,-07:00,2025-04-11T20:14:39-07:00,0,28
resume/index.html,51,html,8087e1bb,saanvi-ranadive,2025-04-11,20:14:39,-07:00,2025-04-11T20:14:39-07:00,0,34
resume/index.html,52,html,8087e1bb,saanvi-ranadive,2025-04-11,20:14:39,-07:00,2025-04-11T20:14:39-07:00,0,3
resume/index.html,53,html,8087e1bb,saanvi-ranadive,2025-04-11,20:14:39,-07:00,2025-04-11T20:14:39-07:00,0,44
resume/index.html,54,html,8087e1bb,saanvi-ranadive,2025-04-11,20:14:39,-07:00,2025-04-11T20:14:39-07:00,0,3
resume/index.html,55,html,8087e1bb,saanvi-ranadive,2025-04-11,20:14:39,-07:00,2025-04-11T20:14:39-07:00,0,90
resume/index.html,56,html,8087e1bb,saanvi-ranadive,2025-04-11,20:14:39,-07:00,2025-04-11T20:14:39-07:00,0,44
resume/index.html,57,html,8087e1bb,saanvi-ranadive,2025-04-11,20:14:39,-07:00,2025-04-11T20:14:39-07:00,0,4
resume/index.html,58,html,8087e1bb,saanvi-ranadive,2025-04-11,20:14:39,-07:00,2025-04-11T20:14:39-07:00,0,91
resume/index.html,59,html,8087e1bb,saanvi-ranadive,2025-04-11,20:14:39,-07:00,2025-04-11T20:14:39-07:00,0,49
resume/index.html,60,html,8087e1bb,saanvi-ranadive,2025-04-11,20:14:39,-07:00,2025-04-11T20:14:39-07:00,0,4
resume/index.html,61,html,8087e1bb,saanvi-ranadive,2025-04-11,20:14:39,-07:00,2025-04-11T20:14:39-07:00,0,94
resume/index.html,62,html,8087e1bb,saanvi-ranadive,2025-04-11,20:14:39,-07:00,2025-04-11T20:14:39-07:00,0,83
resume/index.html,63,html,8087e1bb,saanvi-ranadive,2025-04-11,20:14:39,-07:00,2025-04-11T20:14:39-07:00,0,4
resume/index.html,64,html,8087e1bb,saanvi-ranadive,2025-04-11,20:14:39,-07:00,2025-04-11T20:14:39-07:00,0,4
resume/index.html,65,html,8087e1bb,saanvi-ranadive,2025-04-11,20:14:39,-07:00,2025-04-11T20:14:39-07:00,0,3
resume/index.html,66,html,8087e1bb,saanvi-ranadive,2025-04-11,20:14:39,-07:00,2025-04-11T20:14:39-07:00,0,9
resume/index.html,67,html,8087e1bb,saanvi-ranadive,2025-04-11,20:14:39,-07:00,2025-04-11T20:14:39-07:00,0,0
resume/index.html,68,html,8087e1bb,saanvi-ranadive,2025-04-11,20:14:39,-07:00,2025-04-11T20:14:39-07:00,0,8
resume/index.html,69,html,8087e1bb,saanvi-ranadive,2025-04-11,20:14:39,-07:00,2025-04-11T20:14:39-07:00,0,38
resume/index.html,70,html,8087e1bb,saanvi-ranadive,2025-04-11,20:14:39,-07:00,2025-04-11T20:14:39-07:00,0,3
resume/index.html,71,html,8087e1bb,saanvi-ranadive,2025-04-11,20:14:39,-07:00,2025-04-11T20:14:39-07:00,0,42
resume/index.html,72,html,81d7c496,saanvi-ranadive,2025-04-11,20:54:41,-07:00,2025-04-11T20:54:41-07:00,0,32
resume/index.html,73,html,8087e1bb,saanvi-ranadive,2025-04-11,20:14:39,-07:00,2025-04-11T20:14:39-07:00,0,3
resume/index.html,74,html,8087e1bb,saanvi-ranadive,2025-04-11,20:14:39,-07:00,2025-04-11T20:14:39-07:00,0,34
resume/index.html,75,html,8087e1bb,saanvi-ranadive,2025-04-11,20:14:39,-07:00,2025-04-11T20:14:39-07:00,0,3
resume/index.html,76,html,8087e1bb,saanvi-ranadive,2025-04-11,20:14:39,-07:00,2025-04-11T20:14:39-07:00,0,104
resume/index.html,77,html,8087e1bb,saanvi-ranadive,2025-04-11,20:14:39,-07:00,2025-04-11T20:14:39-07:00,0,47
resume/index.html,78,html,8087e1bb,saanvi-ranadive,2025-04-11,20:14:39,-07:00,2025-04-11T20:14:39-07:00,0,4
resume/index.html,79,html,8087e1bb,saanvi-ranadive,2025-04-11,20:14:39,-07:00,2025-04-11T20:14:39-07:00,0,96
resume/index.html,80,html,8087e1bb,saanvi-ranadive,2025-04-11,20:14:39,-07:00,2025-04-11T20:14:39-07:00,0,13
resume/index.html,81,html,8087e1bb,saanvi-ranadive,2025-04-11,20:14:39,-07:00,2025-04-11T20:14:39-07:00,0,4
resume/index.html,82,html,8087e1bb,saanvi-ranadive,2025-04-11,20:14:39,-07:00,2025-04-11T20:14:39-07:00,0,102
resume/index.html,83,html,8087e1bb,saanvi-ranadive,2025-04-11,20:14:39,-07:00,2025-04-11T20:14:39-07:00,0,51
resume/index.html,84,html,8087e1bb,saanvi-ranadive,2025-04-11,20:14:39,-07:00,2025-04-11T20:14:39-07:00,0,4
resume/index.html,85,html,8087e1bb,saanvi-ranadive,2025-04-11,20:14:39,-07:00,2025-04-11T20:14:39-07:00,0,4
resume/index.html,86,html,8087e1bb,saanvi-ranadive,2025-04-11,20:14:39,-07:00,2025-04-11T20:14:39-07:00,0,3
resume/index.html,87,html,8087e1bb,saanvi-ranadive,2025-04-11,20:14:39,-07:00,2025-04-11T20:14:39-07:00,0,37
resume/index.html,88,html,8087e1bb,saanvi-ranadive,2025-04-11,20:14:39,-07:00,2025-04-11T20:14:39-07:00,0,60
resume/index.html,89,html,8087e1bb,saanvi-ranadive,2025-04-11,20:14:39,-07:00,2025-04-11T20:14:39-07:00,0,3
resume/index.html,90,html,8087e1bb,saanvi-ranadive,2025-04-11,20:14:39,-07:00,2025-04-11T20:14:39-07:00,0,25
resume/index.html,91,html,8087e1bb,saanvi-ranadive,2025-04-11,20:14:39,-07:00,2025-04-11T20:14:39-07:00,0,3
resume/index.html,92,html,8087e1bb,saanvi-ranadive,2025-04-11,20:14:39,-07:00,2025-04-11T20:14:39-07:00,0,115
resume/index.html,93,html,8087e1bb,saanvi-ranadive,2025-04-11,20:14:39,-07:00,2025-04-11T20:14:39-07:00,0,27
resume/index.html,94,html,8087e1bb,saanvi-ranadive,2025-04-11,20:14:39,-07:00,2025-04-11T20:14:39-07:00,0,4
resume/index.html,95,html,8087e1bb,saanvi-ranadive,2025-04-11,20:14:39,-07:00,2025-04-11T20:14:39-07:00,0,112
resume/index.html,96,html,8087e1bb,saanvi-ranadive,2025-04-11,20:14:39,-07:00,2025-04-11T20:14:39-07:00,0,44
resume/index.html,97,html,8087e1bb,saanvi-ranadive,2025-04-11,20:14:39,-07:00,2025-04-11T20:14:39-07:00,0,4
resume/index.html,98,html,8087e1bb,saanvi-ranadive,2025-04-11,20:14:39,-07:00,2025-04-11T20:14:39-07:00,0,119
resume/index.html,99,html,8087e1bb,saanvi-ranadive,2025-04-11,20:14:39,-07:00,2025-04-11T20:14:39-07:00,0,61
resume/index.html,100,html,8087e1bb,saanvi-ranadive,2025-04-11,20:14:39,-07:00,2025-04-11T20:14:39-07:00,0,4
resume/index.html,101,html,8087e1bb,saanvi-ranadive,2025-04-11,20:14:39,-07:00,2025-04-11T20:14:39-07:00,0,4
resume/index.html,102,html,8087e1bb,saanvi-ranadive,2025-04-11,20:14:39,-07:00,2025-04-11T20:14:39-07:00,0,3
resume/index.html,103,html,8087e1bb,saanvi-ranadive,2025-04-11,20:14:39,-07:00,2025-04-11T20:14:39-07:00,0,32
resume/index.html,104,html,8087e1bb,saanvi-ranadive,2025-04-11,20:14:39,-07:00,2025-04-11T20:14:39-07:00,0,36
resume/index.html,105,html,8087e1bb,saanvi-ranadive,2025-04-11,20:14:39,-07:00,2025-04-11T20:14:39-07:00,0,3
resume/index.html,106,html,8087e1bb,saanvi-ranadive,2025-04-11,20:14:39,-07:00,2025-04-11T20:14:39-07:00,0,25
resume/index.html,107,html,8087e1bb,saanvi-ranadive,2025-04-11,20:14:39,-07:00,2025-04-11T20:14:39-07:00,0,3
resume/index.html,108,html,8087e1bb,saanvi-ranadive,2025-04-11,20:14:39,-07:00,2025-04-11T20:14:39-07:00,0,115
resume/index.html,109,html,8087e1bb,saanvi-ranadive,2025-04-11,20:14:39,-07:00,2025-04-11T20:14:39-07:00,0,4
resume/index.html,110,html,8087e1bb,saanvi-ranadive,2025-04-11,20:14:39,-07:00,2025-04-11T20:14:39-07:00,0,4
resume/index.html,111,html,8087e1bb,saanvi-ranadive,2025-04-11,20:14:39,-07:00,2025-04-11T20:14:39-07:00,0,113
resume/index.html,112,html,8087e1bb,saanvi-ranadive,2025-04-11,20:14:39,-07:00,2025-04-11T20:14:39-07:00,0,32
resume/index.html,113,html,8087e1bb,saanvi-ranadive,2025-04-11,20:14:39,-07:00,2025-04-11T20:14:39-07:00,0,4
resume/index.html,114,html,8087e1bb,saanvi-ranadive,2025-04-11,20:14:39,-07:00,2025-04-11T20:14:39-07:00,0,116
resume/index.html,115,html,8087e1bb,saanvi-ranadive,2025-04-11,20:14:39,-07:00,2025-04-11T20:14:39-07:00,0,18
resume/index.html,116,html,8087e1bb,saanvi-ranadive,2025-04-11,20:14:39,-07:00,2025-04-11T20:14:39-07:00,0,4
resume/index.html,117,html,8087e1bb,saanvi-ranadive,2025-04-11,20:14:39,-07:00,2025-04-11T20:14:39-07:00,0,4
resume/index.html,118,html,8087e1bb,saanvi-ranadive,2025-04-11,20:14:39,-07:00,2025-04-11T20:14:39-07:00,0,3
resume/index.html,119,html,8087e1bb,saanvi-ranadive,2025-04-11,20:14:39,-07:00,2025-04-11T20:14:39-07:00,0,9
resume/index.html,120,html,8087e1bb,saanvi-ranadive,2025-04-11,20:14:39,-07:00,2025-04-11T20:14:39-07:00,0,0
resume/index.html,121,html,8087e1bb,saanvi-ranadive,2025-04-11,20:14:39,-07:00,2025-04-11T20:14:39-07:00,0,8
resume/index.html,122,html,8087e1bb,saanvi-ranadive,2025-04-11,20:14:39,-07:00,2025-04-11T20:14:39-07:00,0,48
resume/index.html,123,html,8087e1bb,saanvi-ranadive,2025-04-11,20:14:39,-07:00,2025-04-11T20:14:39-07:00,0,3
resume/index.html,124,html,8087e1bb,saanvi-ranadive,2025-04-11,20:14:39,-07:00,2025-04-11T20:14:39-07:00,0,68
resume/index.html,125,html,8087e1bb,saanvi-ranadive,2025-04-11,20:14:39,-07:00,2025-04-11T20:14:39-07:00,0,3
resume/index.html,126,html,8087e1bb,saanvi-ranadive,2025-04-11,20:14:39,-07:00,2025-04-11T20:14:39-07:00,0,86
resume/index.html,127,html,8087e1bb,saanvi-ranadive,2025-04-11,20:14:39,-07:00,2025-04-11T20:14:39-07:00,0,9
resume/index.html,128,html,10787829,saanvi-ranadive,2025-04-04,00:44:09,-07:00,2025-04-04T00:44:09-07:00,0,0
resume/index.html,129,html,37d62427,saanvi-ranadive,2025-04-04,14:00:32,-07:00,2025-04-04T14:00:32-07:00,0,3
resume/index.html,130,html,8087e1bb,saanvi-ranadive,2025-04-11,20:14:39,-07:00,2025-04-11T20:14:39-07:00,0,69
resume/index.html,131,html,8087e1bb,saanvi-ranadive,2025-04-11,20:14:39,-07:00,2025-04-11T20:14:39-07:00,0,0
resume/index.html,132,html,8087e1bb,saanvi-ranadive,2025-04-11,20:14:39,-07:00,2025-04-11T20:14:39-07:00,0,9
resume/index.html,133,html,8087e1bb,saanvi-ranadive,2025-04-11,20:14:39,-07:00,2025-04-11T20:14:39-07:00,0,5
resume/index.html,134,html,1954295c,saanvi-ranadive,2025-04-18,22:14:36,-07:00,2025-04-18T22:14:36-07:00,0,49
resume/index.html,135,html,10787829,saanvi-ranadive,2025-04-04,00:44:09,-07:00,2025-04-04T00:44:09-07:00,0,6
resume/index.html,136,html,10787829,saanvi-ranadive,2025-04-04,00:44:09,-07:00,2025-04-04T00:44:09-07:00,0,6
projects/projects.js,1,js,e9d3ec3d,saanvi-ranadive,2025-04-26,23:15:05,-07:00,2025-04-26T23:15:05-07:00,0,56
projects/projects.js,2,js,298a8635,saanvi-ranadive,2025-05-01,18:29:52,-07:00,2025-05-01T18:29:52-07:00,0,64
projects/projects.js,3,js,e9d3ec3d,saanvi-ranadive,2025-04-26,23:15:05,-07:00,2025-04-26T23:15:05-07:00,0,56
projects/projects.js,4,js,e9d3ec3d,saanvi-ranadive,2025-04-26,23:15:05,-07:00,2025-04-26T23:15:05-07:00,0,61
projects/projects.js,5,js,e9d3ec3d,saanvi-ranadive,2025-04-26,23:15:05,-07:00,2025-04-26T23:15:05-07:00,0,63
projects/projects.js,6,js,e9d3ec3d,saanvi-ranadive,2025-04-26,23:15:05,-07:00,2025-04-26T23:15:05-07:00,0,14
projects/projects.js,7,js,e9d3ec3d,saanvi-ranadive,2025-04-26,23:15:05,-07:00,2025-04-26T23:15:05-07:00,0,49
projects/projects.js,8,js,e9d3ec3d,saanvi-ranadive,2025-04-26,23:15:05,-07:00,2025-04-26T23:15:05-07:00,0,19
projects/projects.js,9,js,e9d3ec3d,saanvi-ranadive,2025-04-26,23:15:05,-07:00,2025-04-26T23:15:05-07:00,0,43
projects/projects.js,10,js,e9d3ec3d,saanvi-ranadive,2025-04-26,23:15:05,-07:00,2025-04-26T23:15:05-07:00,0,0
projects/projects.js,11,js,298a8635,saanvi-ranadive,2025-05-01,18:29:52,-07:00,2025-05-01T18:29:52-07:00,0,0
projects/projects.js,12,js,298a8635,saanvi-ranadive,2025-05-01,18:29:52,-07:00,2025-05-01T18:29:52-07:00,0,58
projects/projects.js,13,js,298a8635,saanvi-ranadive,2025-05-01,18:29:52,-07:00,2025-05-01T18:29:52-07:00,0,0
projects/projects.js,14,js,298a8635,saanvi-ranadive,2025-05-01,18:29:52,-07:00,2025-05-01T18:29:52-07:00,0,29
projects/projects.js,15,js,298a8635,saanvi-ranadive,2025-05-01,18:29:52,-07:00,2025-05-01T18:29:52-07:00,0,19
projects/projects.js,16,js,298a8635,saanvi-ranadive,2025-05-01,18:29:52,-07:00,2025-05-01T18:29:52-07:00,0,19
projects/projects.js,17,js,298a8635,saanvi-ranadive,2025-05-01,18:29:52,-07:00,2025-05-01T18:29:52-07:00,0,21
projects/projects.js,18,js,298a8635,saanvi-ranadive,2025-05-01,18:29:52,-07:00,2025-05-01T18:29:52-07:00,0,19
projects/projects.js,19,js,298a8635,saanvi-ranadive,2025-05-01,18:29:52,-07:00,2025-05-01T18:29:52-07:00,0,18
projects/projects.js,20,js,298a8635,saanvi-ranadive,2025-05-01,18:29:52,-07:00,2025-05-01T18:29:52-07:00,0,17
projects/projects.js,21,js,298a8635,saanvi-ranadive,2025-05-01,18:29:52,-07:00,2025-05-01T18:29:52-07:00,0,17
projects/projects.js,22,js,298a8635,saanvi-ranadive,2025-05-01,18:29:52,-07:00,2025-05-01T18:29:52-07:00,0,18
projects/projects.js,23,js,298a8635,saanvi-ranadive,2025-05-01,18:29:52,-07:00,2025-05-01T18:29:52-07:00,0,2
projects/projects.js,24,js,298a8635,saanvi-ranadive,2025-05-01,18:29:52,-07:00,2025-05-01T18:29:52-07:00,0,0
projects/projects.js,25,js,298a8635,saanvi-ranadive,2025-05-01,18:29:52,-07:00,2025-05-01T18:29:52-07:00,0,14
projects/projects.js,26,js,298a8635,saanvi-ranadive,2025-05-01,18:29:52,-07:00,2025-05-01T18:29:52-07:00,0,54
projects/projects.js,27,js,95d6f8d3,saanvi-ranadive,2025-05-03,21:26:51,-07:00,2025-05-03T21:26:51-07:00,0,0
projects/projects.js,28,js,95d6f8d3,saanvi-ranadive,2025-05-03,21:26:51,-07:00,2025-05-03T21:26:51-07:00,0,49
projects/projects.js,29,js,298a8635,saanvi-ranadive,2025-05-01,18:29:52,-07:00,2025-05-01T18:29:52-07:00,0,52
projects/projects.js,30,js,298a8635,saanvi-ranadive,2025-05-01,18:29:52,-07:00,2025-05-01T18:29:52-07:00,0,60
projects/projects.js,31,js,95d6f8d3,saanvi-ranadive,2025-05-03,21:26:51,-07:00,2025-05-03T21:26:51-07:00,0,56
projects/projects.js,32,js,298a8635,saanvi-ranadive,2025-05-01,18:29:52,-07:00,2025-05-01T18:29:52-07:00,0,2
projects/projects.js,33,js,298a8635,saanvi-ranadive,2025-05-01,18:29:52,-07:00,2025-05-01T18:29:52-07:00,0,57
projects/projects.js,34,js,95d6f8d3,saanvi-ranadive,2025-05-03,21:26:51,-07:00,2025-05-03T21:26:51-07:00,0,32
projects/projects.js,35,js,e1701c7e,saanvi-ranadive,2025-05-02,02:46:11,-07:00,2025-05-02T02:46:11-07:00,0,2
projects/projects.js,36,js,e1701c7e,saanvi-ranadive,2025-05-02,02:46:11,-07:00,2025-05-02T02:46:11-07:00,0,0
projects/projects.js,37,js,e1701c7e,saanvi-ranadive,2025-05-02,02:46:11,-07:00,2025-05-02T02:46:11-07:00,0,22
projects/projects.js,38,js,e1701c7e,saanvi-ranadive,2025-05-02,02:46:11,-07:00,2025-05-02T02:46:11-07:00,0,0
projects/projects.js,39,js,e1701c7e,saanvi-ranadive,2025-05-02,02:46:11,-07:00,2025-05-02T02:46:11-07:00,0,39
projects/projects.js,40,js,e1701c7e,saanvi-ranadive,2025-05-02,02:46:11,-07:00,2025-05-02T02:46:11-07:00,0,0
projects/projects.js,41,js,e1701c7e,saanvi-ranadive,2025-05-02,02:46:11,-07:00,2025-05-02T02:46:11-07:00,0,29
projects/projects.js,42,js,e1701c7e,saanvi-ranadive,2025-05-02,02:46:11,-07:00,2025-05-02T02:46:11-07:00,0,33
projects/projects.js,43,js,e1701c7e,saanvi-ranadive,2025-05-02,02:46:11,-07:00,2025-05-02T02:46:11-07:00,0,0
projects/projects.js,44,js,e1701c7e,saanvi-ranadive,2025-05-02,02:46:11,-07:00,2025-05-02T02:46:11-07:00,0,45
projects/projects.js,45,js,e1701c7e,saanvi-ranadive,2025-05-02,02:46:11,-07:00,2025-05-02T02:46:11-07:00,0,0
projects/projects.js,46,js,e1701c7e,saanvi-ranadive,2025-05-02,02:46:11,-07:00,2025-05-02T02:46:11-07:00,0,30
projects/projects.js,47,js,e1701c7e,saanvi-ranadive,2025-05-02,02:46:11,-07:00,2025-05-02T02:46:11-07:00,0,13
projects/projects.js,48,js,e1701c7e,saanvi-ranadive,2025-05-02,02:46:11,-07:00,2025-05-02T02:46:11-07:00,0,15
projects/projects.js,49,js,e1701c7e,saanvi-ranadive,2025-05-02,02:46:11,-07:00,2025-05-02T02:46:11-07:00,0,13
projects/projects.js,50,js,e1701c7e,saanvi-ranadive,2025-05-02,02:46:11,-07:00,2025-05-02T02:46:11-07:00,0,1
projects/projects.js,51,js,e1701c7e,saanvi-ranadive,2025-05-02,02:46:11,-07:00,2025-05-02T02:46:11-07:00,0,0
projects/projects.js,52,js,e1701c7e,saanvi-ranadive,2025-05-02,02:46:11,-07:00,2025-05-02T02:46:11-07:00,0,51
projects/projects.js,53,js,e1701c7e,saanvi-ranadive,2025-05-02,02:46:11,-07:00,2025-05-02T02:46:11-07:00,0,36
projects/projects.js,54,js,e1701c7e,saanvi-ranadive,2025-05-02,02:46:11,-07:00,2025-05-02T02:46:11-07:00,0,2
projects/projects.js,55,js,e1701c7e,saanvi-ranadive,2025-05-02,02:46:11,-07:00,2025-05-02T02:46:11-07:00,0,0
projects/projects.js,56,js,e1701c7e,saanvi-ranadive,2025-05-02,02:46:11,-07:00,2025-05-02T02:46:11-07:00,0,54
projects/projects.js,57,js,e1701c7e,saanvi-ranadive,2025-05-02,02:46:11,-07:00,2025-05-02T02:46:11-07:00,0,43
projects/projects.js,58,js,e1701c7e,saanvi-ranadive,2025-05-02,02:46:11,-07:00,2025-05-02T02:46:11-07:00,0,52
projects/projects.js,59,js,e1701c7e,saanvi-ranadive,2025-05-02,02:46:11,-07:00,2025-05-02T02:46:11-07:00,0,0
projects/projects.js,60,js,e1701c7e,saanvi-ranadive,2025-05-02,02:46:11,-07:00,2025-05-02T02:46:11-07:00,0,30
projects/projects.js,61,js,e1701c7e,saanvi-ranadive,2025-05-02,02:46:11,-07:00,2025-05-02T02:46:11-07:00,0,5
projects/projects.js,62,js,e1701c7e,saanvi-ranadive,2025-05-02,02:46:11,-07:00,2025-05-02T02:46:11-07:00,0,14
projects/projects.js,63,js,e1701c7e,saanvi-ranadive,2025-05-02,02:46:11,-07:00,2025-05-02T02:46:11-07:00,0,14
projects/projects.js,64,js,e1701c7e,saanvi-ranadive,2025-05-02,02:46:11,-07:00,2025-05-02T02:46:11-07:00,0,25
projects/projects.js,65,js,e1701c7e,saanvi-ranadive,2025-05-02,02:46:11,-07:00,2025-05-02T02:46:11-07:00,0,56
projects/projects.js,66,js,e1701c7e,saanvi-ranadive,2025-05-02,02:46:11,-07:00,2025-05-02T02:46:11-07:00,0,25
projects/projects.js,67,js,e1701c7e,saanvi-ranadive,2025-05-02,02:46:11,-07:00,2025-05-02T02:46:11-07:00,0,48
projects/projects.js,68,js,e1701c7e,saanvi-ranadive,2025-05-02,02:46:11,-07:00,2025-05-02T02:46:11-07:00,0,23
projects/projects.js,69,js,e1701c7e,saanvi-ranadive,2025-05-02,02:46:11,-07:00,2025-05-02T02:46:11-07:00,0,67
projects/projects.js,70,js,e1701c7e,saanvi-ranadive,2025-05-02,02:46:11,-07:00,2025-05-02T02:46:11-07:00,0,26
projects/projects.js,71,js,e1701c7e,saanvi-ranadive,2025-05-02,02:46:11,-07:00,2025-05-02T02:46:11-07:00,0,49
projects/projects.js,72,js,e1701c7e,saanvi-ranadive,2025-05-02,02:46:11,-07:00,2025-05-02T02:46:11-07:00,0,7
projects/projects.js,73,js,e1701c7e,saanvi-ranadive,2025-05-02,02:46:11,-07:00,2025-05-02T02:46:11-07:00,0,49
projects/projects.js,74,js,ad709900,saanvi-ranadive,2025-05-02,12:42:36,-07:00,2025-05-02T12:42:36-07:00,0,138
projects/projects.js,75,js,e1701c7e,saanvi-ranadive,2025-05-02,02:46:11,-07:00,2025-05-02T02:46:11-07:00,0,55
projects/projects.js,76,js,e1701c7e,saanvi-ranadive,2025-05-02,02:46:11,-07:00,2025-05-02T02:46:11-07:00,0,0
projects/projects.js,77,js,e1701c7e,saanvi-ranadive,2025-05-02,02:46:11,-07:00,2025-05-02T02:46:11-07:00,0,2
projects/projects.js,78,js,e1701c7e,saanvi-ranadive,2025-05-02,02:46:11,-07:00,2025-05-02T02:46:11-07:00,0,2
projects/projects.js,79,js,e1701c7e,saanvi-ranadive,2025-05-02,02:46:11,-07:00,2025-05-02T02:46:11-07:00,0,0
projects/projects.js,80,js,e1701c7e,saanvi-ranadive,2025-05-02,02:46:11,-07:00,2025-05-02T02:46:11-07:00,0,33
projects/projects.js,81,js,e1701c7e,saanvi-ranadive,2025-05-02,02:46:11,-07:00,2025-05-02T02:46:11-07:00,0,28
projects/projects.js,82,js,e1701c7e,saanvi-ranadive,2025-05-02,02:46:11,-07:00,2025-05-02T02:46:11-07:00,0,5
projects/projects.js,83,js,e1701c7e,saanvi-ranadive,2025-05-02,02:46:11,-07:00,2025-05-02T02:46:11-07:00,0,12
projects/projects.js,84,js,e1701c7e,saanvi-ranadive,2025-05-02,02:46:11,-07:00,2025-05-02T02:46:11-07:00,0,28
projects/projects.js,85,js,e1701c7e,saanvi-ranadive,2025-05-02,02:46:11,-07:00,2025-05-02T02:46:11-07:00,0,39
projects/projects.js,86,js,e1701c7e,saanvi-ranadive,2025-05-02,02:46:11,-07:00,2025-05-02T02:46:11-07:00,0,70
projects/projects.js,87,js,e1701c7e,saanvi-ranadive,2025-05-02,02:46:11,-07:00,2025-05-02T02:46:11-07:00,0,2
projects/projects.js,88,js,e1701c7e,saanvi-ranadive,2025-05-02,02:46:11,-07:00,2025-05-02T02:46:11-07:00,0,0
projects/projects.js,89,js,e1701c7e,saanvi-ranadive,2025-05-02,02:46:11,-07:00,2025-05-02T02:46:11-07:00,0,0
projects/projects.js,90,js,e1701c7e,saanvi-ranadive,2025-05-02,02:46:11,-07:00,2025-05-02T02:46:11-07:00,0,0
projects/projects.js,91,js,95d6f8d3,saanvi-ranadive,2025-05-03,21:26:51,-07:00,2025-05-03T21:26:51-07:00,0,24
projects/index.html,1,html,4e422bef,saanvi-ranadive,2025-04-03,20:09:45,-07:00,2025-04-03T20:09:45-07:00,0,14
projects/index.html,2,html,4e422bef,saanvi-ranadive,2025-04-03,20:09:45,-07:00,2025-04-03T20:09:45-07:00,0,15
projects/index.html,3,html,4e422bef,saanvi-ranadive,2025-04-03,20:09:45,-07:00,2025-04-03T20:09:45-07:00,0,5
projects/index.html,4,html,4e422bef,saanvi-ranadive,2025-04-03,20:09:45,-07:00,2025-04-03T20:09:45-07:00,0,21
projects/index.html,5,html,4e422bef,saanvi-ranadive,2025-04-03,20:09:45,-07:00,2025-04-03T20:09:45-07:00,0,69
projects/index.html,6,html,10787829,saanvi-ranadive,2025-04-04,00:44:09,-07:00,2025-04-04T00:44:09-07:00,0,22
projects/index.html,7,html,3f770edd,saanvi-ranadive,2025-04-09,10:39:04,-07:00,2025-04-09T10:39:04-07:00,0,42
projects/index.html,8,html,4e422bef,saanvi-ranadive,2025-04-03,20:09:45,-07:00,2025-04-03T20:09:45-07:00,0,6
projects/index.html,9,html,4e422bef,saanvi-ranadive,2025-04-03,20:09:45,-07:00,2025-04-03T20:09:45-07:00,0,5
projects/index.html,10,html,e9d3ec3d,saanvi-ranadive,2025-04-26,23:15:05,-07:00,2025-04-26T23:15:05-07:00,0,54
projects/index.html,11,html,298a8635,saanvi-ranadive,2025-05-01,18:29:52,-07:00,2025-05-01T18:29:52-07:00,0,22
projects/index.html,12,html,298a8635,saanvi-ranadive,2025-05-01,18:29:52,-07:00,2025-05-01T18:29:52-07:00,0,59
projects/index.html,13,html,298a8635,saanvi-ranadive,2025-05-01,18:29:52,-07:00,2025-05-01T18:29:52-07:00,0,23
projects/index.html,14,html,298a8635,saanvi-ranadive,2025-05-01,18:29:52,-07:00,2025-05-01T18:29:52-07:00,0,5
projects/index.html,15,html,298a8635,saanvi-ranadive,2025-05-01,18:29:52,-07:00,2025-05-01T18:29:52-07:00,0,5
projects/index.html,16,html,298a8635,saanvi-ranadive,2025-05-01,18:29:52,-07:00,2025-05-01T18:29:52-07:00,0,16
projects/index.html,17,html,298a8635,saanvi-ranadive,2025-05-01,18:29:52,-07:00,2025-05-01T18:29:52-07:00,0,12
projects/index.html,18,html,298a8635,saanvi-ranadive,2025-05-01,18:29:52,-07:00,2025-05-01T18:29:52-07:00,0,27
projects/index.html,19,html,298a8635,saanvi-ranadive,2025-05-01,18:29:52,-07:00,2025-05-01T18:29:52-07:00,0,32
projects/index.html,20,html,298a8635,saanvi-ranadive,2025-05-01,18:29:52,-07:00,2025-05-01T18:29:52-07:00,0,1
projects/index.html,21,html,d1ef665d,saanvi-ranadive,2025-04-11,14:00:52,-07:00,2025-04-11T14:00:52-07:00,0,21
projects/index.html,22,html,65849f7b,saanvi-ranadive,2025-05-01,12:04:40,-07:00,2025-05-01T12:04:40-07:00,0,49
projects/index.html,23,html,e9d3ec3d,saanvi-ranadive,2025-04-26,23:15:05,-07:00,2025-04-26T23:15:05-07:00,0,48
projects/index.html,24,html,d1ef665d,saanvi-ranadive,2025-04-11,14:00:52,-07:00,2025-04-11T14:00:52-07:00,0,5
projects/index.html,25,html,4e422bef,saanvi-ranadive,2025-04-03,20:09:45,-07:00,2025-04-03T20:09:45-07:00,0,6
projects/index.html,26,html,4e422bef,saanvi-ranadive,2025-04-03,20:09:45,-07:00,2025-04-03T20:09:45-07:00,0,6
contact/index.html,1,html,4e422bef,saanvi-ranadive,2025-04-03,20:09:45,-07:00,2025-04-03T20:09:45-07:00,0,14
contact/index.html,2,html,4e422bef,saanvi-ranadive,2025-04-03,20:09:45,-07:00,2025-04-03T20:09:45-07:00,0,15
contact/index.html,3,html,4e422bef,saanvi-ranadive,2025-04-03,20:09:45,-07:00,2025-04-03T20:09:45-07:00,0,5
contact/index.html,4,html,4e422bef,saanvi-ranadive,2025-04-03,20:09:45,-07:00,2025-04-03T20:09:45-07:00,0,21
contact/index.html,5,html,4e422bef,saanvi-ranadive,2025-04-03,20:09:45,-07:00,2025-04-03T20:09:45-07:00,0,69
contact/index.html,6,html,4e422bef,saanvi-ranadive,2025-04-03,20:09:45,-07:00,2025-04-03T20:09:45-07:00,0,21
contact/index.html,7,html,3f770edd,saanvi-ranadive,2025-04-09,10:39:04,-07:00,2025-04-09T10:39:04-07:00,0,42
contact/index.html,8,html,4e422bef,saanvi-ranadive,2025-04-03,20:09:45,-07:00,2025-04-03T20:09:45-07:00,0,6
contact/index.html,9,html,4e422bef,saanvi-ranadive,2025-04-03,20:09:45,-07:00,2025-04-03T20:09:45-07:00,0,5
contact/index.html,10,html,4e422bef,saanvi-ranadive,2025-04-03,20:09:45,-07:00,2025-04-03T20:09:45-07:00,0,15
contact/index.html,11,html,d1ef665d,saanvi-ranadive,2025-04-11,14:00:52,-07:00,2025-04-11T14:00:52-07:00,0,20
contact/index.html,12,html,d1ef665d,saanvi-ranadive,2025-04-11,14:00:52,-07:00,2025-04-11T14:00:52-07:00,0,75
contact/index.html,13,html,d1ef665d,saanvi-ranadive,2025-04-11,14:00:52,-07:00,2025-04-11T14:00:52-07:00,0,32
contact/index.html,14,html,d1ef665d,saanvi-ranadive,2025-04-11,14:00:52,-07:00,2025-04-11T14:00:52-07:00,0,43
contact/index.html,15,html,d1ef665d,saanvi-ranadive,2025-04-11,14:00:52,-07:00,2025-04-11T14:00:52-07:00,0,36
contact/index.html,16,html,d1ef665d,saanvi-ranadive,2025-04-11,14:00:52,-07:00,2025-04-11T14:00:52-07:00,0,34
contact/index.html,17,html,d1ef665d,saanvi-ranadive,2025-04-11,14:00:52,-07:00,2025-04-11T14:00:52-07:00,0,33
contact/index.html,18,html,d1ef665d,saanvi-ranadive,2025-04-11,14:00:52,-07:00,2025-04-11T14:00:52-07:00,0,42
contact/index.html,19,html,d1ef665d,saanvi-ranadive,2025-04-11,14:00:52,-07:00,2025-04-11T14:00:52-07:00,0,20
contact/index.html,20,html,d1ef665d,saanvi-ranadive,2025-04-11,14:00:52,-07:00,2025-04-11T14:00:52-07:00,0,6
contact/index.html,21,html,d1ef665d,saanvi-ranadive,2025-04-11,14:00:52,-07:00,2025-04-11T14:00:52-07:00,0,5
contact/index.html,22,html,1954295c,saanvi-ranadive,2025-04-18,22:14:36,-07:00,2025-04-18T22:14:36-07:00,0,49
contact/index.html,23,html,4e422bef,saanvi-ranadive,2025-04-03,20:09:45,-07:00,2025-04-03T20:09:45-07:00,0,6
contact/index.html,24,html,4e422bef,saanvi-ranadive,2025-04-03,20:09:45,-07:00,2025-04-03T20:09:45-07:00,0,6
